User_ID,Age,Gender,Country,Subscription_Status,Total_WatchTime,Device
SF_1,11,FEMALE,INDIA,Free,231,Mobile
SF_2,13,MALE,USA,Subscriber,377,Smart TV
SF_3,24,MALE,ITALY,Free,352,Mobile
SF_4,37,MALE,USA,Subscriber,398,Desktop
SF_5,15,MALE,UK,Subscriber,292,Mobile
SF_6,36,FEMALE,INDIA,Subscriber,486,Desktop
SF_7,24,MALE,CANADA,Free,17,Smart TV
SF_8,28,MALE,USA,Subscriber,26,Smart TV
SF_9,11,MALE,FRANCE,Subscriber,385,Smart TV
SF_10,65,FEMALE,ITALY,Free,458,Mobile
SF_11,60,FEMALE,INDIA,Free,145,Smart TV
SF_12,31,MALE,ITALY,Free,253,Desktop
SF_13,13,MALE,FRANCE,Free,347,Desktop
SF_14,14,MALE,INDIA,Subscriber,465,Tablet
SF_15,37,MALE,FRANCE,Free,459,Mobile
SF_16,43,FEMALE,USA,Subscriber,36,Tablet
SF_17,46,MALE,UK,Free,78,Desktop
SF_18,26,FEMALE,FRANCE,Subscriber,65,Smart TV
SF_19,32,MALE,ITALY,Subscriber,14,Tablet
SF_20,37,MALE,FRANCE,Free,326,Tablet
SF_21,31,MALE,UK,Free,91,Tablet
SF_22,45,MALE,FRANCE,Free,424,Mobile
SF_23,19,MALE,USA,Free,138,Desktop
SF_24,43,FEMALE,FRANCE,Subscriber,151,Tablet
SF_25,16,MALE,UK,Subscriber,384,Desktop
SF_26,30,MALE,ITALY,Free,237,Tablet
SF_27,51,MALE,FRANCE,Subscriber,438,Tablet
SF_28,26,FEMALE,UK,Free,405,Desktop
SF_29,24,MALE,USA,Free,198,Smart TV
SF_30,56,FEMALE,INDIA,Free,279,Desktop
SF_31,18,MALE,ITALY,Free,184,Tablet
SF_32,25,FEMALE,UK,Free,245,Desktop
SF_33,16,MALE,CANADA,Free,121,Tablet
SF_34,14,FEMALE,UK,Subscriber,380,Mobile
SF_35,17,MALE,UK,Subscriber,72,Desktop
SF_36,19,MALE,INDIA,Free,467,Desktop
SF_37,36,FEMALE,USA,Free,96,Mobile
SF_38,14,FEMALE,ITALY,Free,248,Tablet
SF_39,39,MALE,ITALY,Free,443,Tablet
SF_40,50,MALE,USA,Free,415,Mobile
SF_41,45,FEMALE,FRANCE,Subscriber,319,Tablet
SF_42,14,MALE,CANADA,Free,190,Tablet
SF_43,50,MALE,UK,Free,490,Smart TV
SF_44,64,MALE,INDIA,Subscriber,242,Desktop
SF_45,22,FEMALE,FRANCE,Free,418,Tablet
SF_46,24,MALE,ITALY,Subscriber,133,Desktop
SF_47,35,MALE,INDIA,Free,278,Smart TV
SF_48,25,MALE,CANADA,Free,257,Tablet
SF_49,65,MALE,USA,Subscriber,61,Desktop
SF_50,32,FEMALE,ITALY,Free,14,Mobile
SF_51,52,FEMALE,USA,Subscriber,471,Mobile
SF_52,28,MALE,USA,Subscriber,284,Desktop
SF_53,16,MALE,ITALY,Free,54,Tablet
SF_54,65,MALE,FRANCE,Subscriber,370,Tablet
SF_55,58,FEMALE,CANADA,Free,479,Desktop
SF_56,20,MALE,FRANCE,Free,385,Mobile
SF_57,41,MALE,ITALY,Free,96,Tablet
SF_58,41,MALE,INDIA,Free,356,Smart TV
SF_59,29,FEMALE,USA,Free,108,Mobile
SF_60,29,MALE,INDIA,Subscriber,491,Mobile
SF_61,39,MALE,UK,Subscriber,362,Tablet
SF_62,34,FEMALE,UK,Free,60,Smart TV
SF_63,59,MALE,USA,Subscriber,496,Tablet
SF_64,27,MALE,FRANCE,Free,182,Smart TV
SF_65,45,MALE,ITALY,Subscriber,485,Smart TV
SF_66,28,MALE,ITALY,Subscriber,41,Desktop
SF_67,14,FEMALE,CANADA,Free,317,Tablet
SF_68,20,MALE,INDIA,Subscriber,279,Desktop
SF_69,57,FEMALE,USA,Subscriber,122,Mobile
SF_70,46,MALE,CANADA,Free,67,Tablet
SF_71,41,MALE,USA,Free,313,Smart TV
SF_72,57,FEMALE,CANADA,Free,210,Tablet
SF_73,25,MALE,UK,Subscriber,220,Mobile
SF_74,39,MALE,ITALY,Subscriber,120,Mobile
SF_75,16,FEMALE,UK,Subscriber,59,Tablet
SF_76,11,MALE,ITALY,Subscriber,377,Tablet
SF_77,23,MALE,INDIA,Free,269,Tablet
SF_78,47,FEMALE,FRANCE,Subscriber,485,Tablet
SF_79,63,FEMALE,CANADA,Subscriber,257,Smart TV
SF_80,28,MALE,USA,Subscriber,322,Smart TV
SF_81,39,FEMALE,ITALY,Subscriber,492,Desktop
SF_82,25,MALE,FRANCE,Subscriber,499,Tablet
SF_83,40,FEMALE,USA,Subscriber,50,Tablet
SF_84,31,MALE,ITALY,Subscriber,193,Smart TV
SF_85,13,MALE,USA,Free,26,Mobile
SF_86,26,FEMALE,USA,Free,376,Desktop
SF_87,26,MALE,FRANCE,Free,116,Smart TV
SF_88,65,FEMALE,ITALY,Free,173,Desktop
SF_89,59,FEMALE,CANADA,Free,153,Tablet
SF_90,59,MALE,INDIA,Subscriber,51,Mobile
SF_91,39,MALE,ITALY,Subscriber,64,Tablet
SF_92,62,FEMALE,FRANCE,Subscriber,392,Desktop
SF_93,37,MALE,ITALY,Free,293,Desktop
SF_94,36,MALE,CANADA,Subscriber,59,Smart TV
SF_95,43,MALE,USA,Subscriber,37,Smart TV
SF_96,15,FEMALE,UK,Free,116,Smart TV
SF_97,56,FEMALE,INDIA,Free,463,Smart TV
SF_98,48,FEMALE,ITALY,Subscriber,336,Smart TV
SF_99,23,FEMALE,INDIA,Subscriber,380,Mobile
SF_100,39,MALE,ITALY,Subscriber,292,Desktop
SF_101,36,FEMALE,INDIA,Free,177,Tablet
SF_102,57,MALE,FRANCE,Free,221,Tablet
SF_103,48,MALE,FRANCE,Subscriber,500,Desktop
SF_104,56,MALE,ITALY,Free,224,Smart TV
SF_105,32,MALE,CANADA,Free,302,Mobile
SF_106,14,FEMALE,CANADA,Free,301,Smart TV
SF_107,53,MALE,CANADA,Subscriber,293,Smart TV
SF_108,36,MALE,CANADA,Subscriber,418,Desktop
SF_109,64,MALE,INDIA,Free,323,Smart TV
SF_110,40,MALE,FRANCE,Free,296,Mobile
SF_111,20,MALE,CANADA,Subscriber,453,Smart TV
SF_112,24,MALE,UK,Free,90,Tablet
SF_113,12,MALE,USA,Free,33,Smart TV
SF_114,38,FEMALE,UK,Subscriber,189,Mobile
SF_115,33,MALE,INDIA,Free,175,Smart TV
SF_116,26,MALE,ITALY,Free,32,Smart TV
SF_117,35,MALE,ITALY,Free,412,Mobile
SF_118,51,MALE,UK,Subscriber,255,Mobile
SF_119,18,FEMALE,INDIA,Subscriber,461,Mobile
SF_120,37,MALE,FRANCE,Subscriber,398,Mobile
SF_121,53,MALE,UK,Free,325,Mobile
SF_122,41,FEMALE,UK,Subscriber,92,Tablet
SF_123,41,MALE,FRANCE,Free,342,Mobile
SF_124,40,MALE,INDIA,Free,327,Mobile
SF_125,60,MALE,ITALY,Subscriber,392,Smart TV
SF_126,16,MALE,UK,Free,264,Tablet
SF_127,60,FEMALE,USA,Free,32,Mobile
SF_128,59,MALE,UK,Subscriber,186,Desktop
SF_129,54,MALE,UK,Subscriber,212,Smart TV
SF_130,40,MALE,CANADA,Free,126,Desktop
SF_131,56,MALE,INDIA,Subscriber,454,Mobile
SF_132,63,MALE,INDIA,Free,360,Smart TV
SF_133,24,FEMALE,USA,Subscriber,186,Tablet
SF_134,50,MALE,ITALY,Subscriber,135,Mobile
SF_135,9,MALE,FRANCE,Subscriber,15,Smart TV
SF_136,37,MALE,CANADA,Free,140,Desktop
SF_137,27,FEMALE,UK,Free,420,Mobile
SF_138,59,MALE,FRANCE,Free,348,Smart TV
SF_139,62,FEMALE,UK,Free,210,Desktop
SF_140,25,FEMALE,CANADA,Subscriber,466,Tablet
SF_141,42,MALE,INDIA,Free,368,Tablet
SF_142,58,MALE,INDIA,Subscriber,122,Smart TV
SF_143,26,MALE,FRANCE,Free,259,Desktop
SF_144,15,MALE,USA,Subscriber,465,Tablet
SF_145,62,MALE,FRANCE,Subscriber,238,Mobile
SF_146,45,FEMALE,ITALY,Subscriber,430,Mobile
SF_147,27,MALE,UK,Free,379,Smart TV
SF_148,29,MALE,FRANCE,Free,112,Desktop
SF_149,64,MALE,ITALY,Subscriber,183,Smart TV
SF_150,33,MALE,INDIA,Free,315,Tablet
SF_151,25,FEMALE,FRANCE,Free,116,Tablet
SF_152,54,MALE,ITALY,Subscriber,138,Smart TV
SF_153,54,MALE,ITALY,Free,458,Mobile
SF_154,49,MALE,CANADA,Subscriber,344,Desktop
SF_155,46,MALE,CANADA,Subscriber,202,Tablet
SF_156,29,FEMALE,UK,Subscriber,281,Smart TV
SF_157,42,MALE,CANADA,Free,89,Tablet
SF_158,61,MALE,UK,Free,75,Desktop
SF_159,49,FEMALE,CANADA,Subscriber,82,Mobile
SF_160,48,MALE,UK,Subscriber,440,Mobile
SF_161,63,MALE,CANADA,Free,464,Mobile
SF_162,9,FEMALE,USA,Free,292,Mobile
SF_163,23,MALE,CANADA,Subscriber,158,Mobile
SF_164,43,FEMALE,USA,Subscriber,167,Tablet
SF_165,33,MALE,INDIA,Free,185,Smart TV
SF_166,37,MALE,CANADA,Subscriber,136,Desktop
SF_167,44,FEMALE,ITALY,Free,191,Desktop
SF_168,38,FEMALE,USA,Free,460,Smart TV
SF_169,26,MALE,CANADA,Free,480,Tablet
SF_170,50,MALE,CANADA,Subscriber,444,Mobile
SF_171,28,FEMALE,CANADA,Free,280,Smart TV
SF_172,40,MALE,UK,Free,312,Desktop
SF_173,42,MALE,INDIA,Subscriber,360,Smart TV
SF_174,19,MALE,ITALY,Subscriber,70,Smart TV
SF_175,51,FEMALE,UK,Subscriber,478,Tablet
SF_176,11,FEMALE,INDIA,Free,108,Desktop
SF_177,15,MALE,ITALY,Subscriber,223,Smart TV
SF_178,46,MALE,FRANCE,Subscriber,137,Mobile
SF_179,53,MALE,UK,Subscriber,309,Desktop
SF_180,52,MALE,FRANCE,Subscriber,455,Desktop
SF_181,17,MALE,USA,Subscriber,397,Smart TV
SF_182,14,MALE,INDIA,Free,236,Smart TV
SF_183,57,FEMALE,ITALY,Subscriber,240,Mobile
SF_184,23,FEMALE,FRANCE,Subscriber,131,Smart TV
SF_185,16,MALE,ITALY,Subscriber,342,Tablet
SF_186,17,MALE,UK,Subscriber,341,Desktop
SF_187,24,FEMALE,FRANCE,Free,361,Tablet
SF_188,62,MALE,UK,Free,64,Desktop
SF_189,11,MALE,FRANCE,Subscriber,145,Tablet
SF_190,55,MALE,FRANCE,Free,288,Smart TV
SF_191,36,MALE,FRANCE,Free,14,Tablet
SF_192,57,MALE,UK,Free,217,Smart TV
SF_193,24,FEMALE,FRANCE,Free,93,Mobile
SF_194,49,FEMALE,ITALY,Subscriber,404,Desktop
SF_195,16,MALE,ITALY,Subscriber,124,Desktop
SF_196,40,FEMALE,CANADA,Free,50,Tablet
SF_197,39,MALE,ITALY,Free,288,Desktop
SF_198,61,MALE,CANADA,Subscriber,469,Desktop
SF_199,63,MALE,FRANCE,Subscriber,220,Smart TV
SF_200,36,FEMALE,UK,Free,197,Mobile
SF_201,46,FEMALE,INDIA,Subscriber,275,Tablet
SF_202,36,MALE,ITALY,Free,150,Smart TV
SF_203,41,FEMALE,CANADA,Subscriber,487,Desktop
SF_204,45,MALE,CANADA,Free,218,Desktop
SF_205,13,MALE,ITALY,Free,159,Smart TV
SF_206,61,MALE,FRANCE,Free,179,Smart TV
SF_207,54,MALE,USA,Subscriber,340,Smart TV
SF_208,13,MALE,CANADA,Subscriber,256,Smart TV
SF_209,16,MALE,ITALY,Subscriber,222,Tablet
SF_210,55,FEMALE,USA,Subscriber,199,Tablet
SF_211,26,MALE,INDIA,Subscriber,458,Desktop
SF_212,45,MALE,ITALY,Subscriber,250,Desktop
SF_213,37,FEMALE,USA,Subscriber,137,Tablet
SF_214,51,MALE,ITALY,Free,61,Smart TV
SF_215,41,MALE,USA,Free,338,Mobile
SF_216,9,MALE,INDIA,Subscriber,282,Mobile
SF_217,43,MALE,FRANCE,Subscriber,24,Mobile
SF_218,26,MALE,UK,Subscriber,458,Smart TV
SF_219,32,FEMALE,FRANCE,Free,353,Tablet
SF_220,21,MALE,INDIA,Subscriber,249,Mobile
SF_221,40,FEMALE,FRANCE,Free,272,Desktop
SF_222,35,MALE,ITALY,Subscriber,202,Smart TV
SF_223,44,MALE,ITALY,Free,293,Desktop
SF_224,44,FEMALE,FRANCE,Subscriber,216,Tablet
SF_225,11,MALE,INDIA,Free,286,Desktop
SF_226,55,MALE,CANADA,Subscriber,403,Smart TV
SF_227,45,MALE,CANADA,Subscriber,413,Tablet
SF_228,51,MALE,USA,Subscriber,227,Tablet
SF_229,37,MALE,CANADA,Subscriber,455,Mobile
SF_230,64,MALE,ITALY,Subscriber,443,Tablet
SF_231,60,MALE,CANADA,Subscriber,494,Mobile
SF_232,40,MALE,FRANCE,Subscriber,337,Tablet
SF_233,13,FEMALE,CANADA,Free,83,Desktop
SF_234,59,MALE,USA,Subscriber,350,Smart TV
SF_235,17,MALE,USA,Free,136,Smart TV
SF_236,41,MALE,USA,Free,258,Mobile
SF_237,64,MALE,CANADA,Subscriber,471,Desktop
SF_238,24,FEMALE,ITALY,Subscriber,161,Mobile
SF_239,58,MALE,ITALY,Subscriber,77,Tablet
SF_240,24,MALE,USA,Free,301,Smart TV
SF_241,54,MALE,UK,Subscriber,35,Mobile
SF_242,58,FEMALE,UK,Subscriber,255,Smart TV
SF_243,59,MALE,CANADA,Free,255,Tablet
SF_244,48,MALE,USA,Subscriber,219,Mobile
SF_245,54,MALE,FRANCE,Free,293,Desktop
SF_246,25,FEMALE,CANADA,Free,454,Mobile
SF_247,34,MALE,FRANCE,Free,120,Smart TV
SF_248,64,MALE,CANADA,Free,68,Mobile
SF_249,17,FEMALE,ITALY,Free,366,Desktop
SF_250,39,MALE,ITALY,Free,458,Smart TV
SF_251,62,MALE,FRANCE,Free,350,Tablet
SF_252,39,MALE,INDIA,Free,79,Tablet
SF_253,46,FEMALE,CANADA,Subscriber,146,Mobile
SF_254,33,MALE,USA,Subscriber,386,Desktop
SF_255,41,MALE,CANADA,Free,373,Desktop
SF_256,36,MALE,UK,Subscriber,372,Desktop
SF_257,18,MALE,USA,Free,377,Smart TV
SF_258,40,MALE,UK,Free,343,Desktop
SF_259,12,MALE,CANADA,Free,343,Smart TV
SF_260,20,MALE,USA,Free,78,Desktop
SF_261,36,MALE,INDIA,Free,105,Tablet
SF_262,10,FEMALE,USA,Free,332,Tablet
SF_263,27,FEMALE,USA,Subscriber,421,Desktop
SF_264,51,MALE,FRANCE,Free,277,Mobile
SF_265,33,FEMALE,FRANCE,Free,294,Mobile
SF_266,62,MALE,CANADA,Free,58,Smart TV
SF_267,42,MALE,ITALY,Free,323,Tablet
SF_268,9,FEMALE,ITALY,Subscriber,376,Tablet
SF_269,49,MALE,USA,Subscriber,80,Mobile
SF_270,40,MALE,INDIA,Free,458,Desktop
SF_271,55,MALE,UK,Subscriber,143,Tablet
SF_272,57,MALE,USA,Subscriber,408,Mobile
SF_273,17,MALE,USA,Subscriber,101,Smart TV
SF_274,22,MALE,UK,Subscriber,404,Tablet
SF_275,33,MALE,USA,Free,336,Smart TV
SF_276,41,MALE,ITALY,Free,76,Smart TV
SF_277,19,FEMALE,CANADA,Free,156,Smart TV
SF_278,63,MALE,FRANCE,Free,10,Tablet
SF_279,64,MALE,INDIA,Free,284,Desktop
SF_280,44,MALE,UK,Free,443,Tablet
SF_281,55,FEMALE,USA,Subscriber,299,Tablet
SF_282,13,MALE,CANADA,Subscriber,79,Smart TV
SF_283,53,MALE,USA,Free,260,Smart TV
SF_284,48,MALE,CANADA,Subscriber,22,Smart TV
SF_285,13,FEMALE,INDIA,Subscriber,220,Mobile
SF_286,49,MALE,FRANCE,Free,351,Smart TV
SF_287,34,MALE,INDIA,Free,339,Tablet
SF_288,43,FEMALE,INDIA,Subscriber,53,Mobile
SF_289,18,FEMALE,USA,Free,391,Desktop
SF_290,14,FEMALE,CANADA,Free,244,Smart TV
SF_291,60,MALE,ITALY,Free,374,Smart TV
SF_292,28,MALE,USA,Free,451,Desktop
SF_293,19,MALE,UK,Subscriber,211,Mobile
SF_294,23,FEMALE,FRANCE,Subscriber,39,Mobile
SF_295,9,MALE,ITALY,Subscriber,181,Mobile
SF_296,43,MALE,CANADA,Subscriber,406,Mobile
SF_297,51,MALE,FRANCE,Free,429,Desktop
SF_298,60,FEMALE,FRANCE,Subscriber,53,Tablet
SF_299,59,MALE,UK,Free,18,Tablet
SF_300,43,MALE,INDIA,Subscriber,359,Tablet
SF_301,36,MALE,ITALY,Subscriber,490,Mobile
SF_302,35,MALE,ITALY,Subscriber,129,Mobile
SF_303,37,MALE,INDIA,Free,417,Mobile
SF_304,15,MALE,ITALY,Free,106,Desktop
SF_305,37,FEMALE,CANADA,Free,53,Tablet
SF_306,34,MALE,ITALY,Free,236,Mobile
SF_307,41,MALE,FRANCE,Subscriber,462,Tablet
SF_308,38,MALE,FRANCE,Free,258,Desktop
SF_309,42,MALE,FRANCE,Free,62,Mobile
SF_310,23,FEMALE,USA,Subscriber,114,Tablet
SF_311,61,MALE,CANADA,Free,346,Tablet
SF_312,50,FEMALE,FRANCE,Subscriber,344,Smart TV
SF_313,22,FEMALE,INDIA,Free,476,Tablet
SF_314,20,FEMALE,USA,Free,38,Smart TV
SF_315,15,FEMALE,CANADA,Free,227,Tablet
SF_316,45,MALE,FRANCE,Subscriber,427,Mobile
SF_317,11,MALE,ITALY,Free,137,Smart TV
SF_318,13,FEMALE,USA,Subscriber,254,Tablet
SF_319,9,FEMALE,UK,Subscriber,255,Mobile
SF_320,21,MALE,FRANCE,Subscriber,124,Smart TV
SF_321,15,MALE,CANADA,Free,455,Smart TV
SF_322,31,MALE,USA,Free,482,Smart TV
SF_323,13,MALE,ITALY,Free,368,Desktop
SF_324,36,MALE,UK,Free,34,Mobile
SF_325,64,FEMALE,USA,Subscriber,419,Mobile
SF_326,35,MALE,UK,Subscriber,281,Tablet
SF_327,34,MALE,UK,Free,479,Mobile
SF_328,27,MALE,INDIA,Subscriber,91,Smart TV
SF_329,22,MALE,ITALY,Subscriber,244,Tablet
SF_330,25,MALE,ITALY,Free,341,Mobile
SF_331,46,MALE,FRANCE,Free,174,Mobile
SF_332,11,MALE,USA,Subscriber,318,Desktop
SF_333,60,MALE,CANADA,Subscriber,298,Mobile
SF_334,18,FEMALE,CANADA,Free,457,Smart TV
SF_335,55,MALE,FRANCE,Free,237,Desktop
SF_336,58,MALE,UK,Free,184,Smart TV
SF_337,30,MALE,CANADA,Free,185,Mobile
SF_338,29,MALE,INDIA,Free,282,Mobile
SF_339,60,MALE,ITALY,Subscriber,52,Mobile
SF_340,32,FEMALE,USA,Subscriber,27,Mobile
SF_341,28,FEMALE,USA,Subscriber,408,Smart TV
SF_342,54,MALE,CANADA,Free,180,Smart TV
SF_343,55,FEMALE,CANADA,Subscriber,277,Desktop
SF_344,21,MALE,FRANCE,Subscriber,30,Desktop
SF_345,45,MALE,USA,Subscriber,82,Mobile
SF_346,52,FEMALE,FRANCE,Free,249,Desktop
SF_347,30,FEMALE,USA,Free,251,Desktop
SF_348,43,MALE,USA,Subscriber,490,Mobile
SF_349,50,MALE,ITALY,Free,21,Tablet
SF_350,21,MALE,INDIA,Free,132,Smart TV
SF_351,30,MALE,UK,Subscriber,399,Desktop
SF_352,40,MALE,FRANCE,Subscriber,340,Desktop
SF_353,55,FEMALE,FRANCE,Free,411,Desktop
SF_354,16,MALE,ITALY,Subscriber,387,Smart TV
SF_355,42,MALE,FRANCE,Free,56,Smart TV
SF_356,58,MALE,USA,Subscriber,300,Desktop
SF_357,49,MALE,CANADA,Free,140,Mobile
SF_358,15,FEMALE,FRANCE,Subscriber,367,Tablet
SF_359,17,MALE,UK,Free,434,Smart TV
SF_360,13,MALE,INDIA,Free,438,Mobile
SF_361,62,FEMALE,CANADA,Subscriber,478,Desktop
SF_362,32,MALE,ITALY,Subscriber,128,Desktop
SF_363,35,MALE,CANADA,Free,76,Mobile
SF_364,25,FEMALE,CANADA,Subscriber,381,Desktop
SF_365,50,FEMALE,CANADA,Subscriber,406,Tablet
SF_366,47,MALE,CANADA,Subscriber,342,Mobile
SF_367,15,MALE,FRANCE,Free,26,Smart TV
SF_368,59,MALE,CANADA,Subscriber,500,Smart TV
SF_369,35,MALE,ITALY,Free,459,Mobile
SF_370,37,MALE,UK,Subscriber,425,Tablet
SF_371,52,MALE,FRANCE,Free,158,Mobile
SF_372,11,FEMALE,FRANCE,Subscriber,269,Desktop
SF_373,10,FEMALE,ITALY,Free,140,Tablet
SF_374,13,FEMALE,FRANCE,Free,45,Desktop
SF_375,45,MALE,FRANCE,Subscriber,314,Tablet
SF_376,37,MALE,ITALY,Subscriber,77,Desktop
SF_377,23,MALE,UK,Subscriber,324,Mobile
SF_378,46,FEMALE,FRANCE,Subscriber,231,Smart TV
SF_379,44,FEMALE,FRANCE,Subscriber,430,Desktop
SF_380,13,MALE,CANADA,Subscriber,466,Tablet
SF_381,64,MALE,UK,Free,296,Smart TV
SF_382,22,FEMALE,USA,Subscriber,372,Tablet
SF_383,25,FEMALE,ITALY,Free,212,Desktop
SF_384,26,MALE,USA,Subscriber,312,Tablet
SF_385,19,MALE,CANADA,Free,291,Mobile
SF_386,48,MALE,UK,Subscriber,383,Smart TV
SF_387,27,FEMALE,INDIA,Subscriber,241,Smart TV
SF_388,17,FEMALE,UK,Free,252,Tablet
SF_389,11,MALE,FRANCE,Subscriber,383,Smart TV
SF_390,15,MALE,ITALY,Free,239,Tablet
SF_391,36,MALE,ITALY,Free,97,Smart TV
SF_392,40,MALE,UK,Subscriber,65,Tablet
SF_393,16,MALE,FRANCE,Free,487,Smart TV
SF_394,34,MALE,ITALY,Subscriber,262,Tablet
SF_395,9,MALE,INDIA,Free,101,Tablet
SF_396,48,MALE,ITALY,Subscriber,477,Desktop
SF_397,27,MALE,UK,Subscriber,361,Mobile
SF_398,45,MALE,UK,Subscriber,82,Smart TV
SF_399,39,FEMALE,CANADA,Free,168,Desktop
SF_400,44,FEMALE,CANADA,Subscriber,327,Desktop
SF_401,20,MALE,FRANCE,Free,361,Tablet
SF_402,16,MALE,CANADA,Free,491,Desktop
SF_403,14,MALE,ITALY,Subscriber,473,Tablet
SF_404,31,MALE,UK,Free,19,Desktop
SF_405,28,MALE,INDIA,Subscriber,32,Desktop
SF_406,55,MALE,ITALY,Free,139,Mobile
SF_407,58,MALE,UK,Free,88,Desktop
SF_408,21,MALE,CANADA,Subscriber,31,Mobile
SF_409,52,MALE,ITALY,Subscriber,481,Mobile
SF_410,35,FEMALE,ITALY,Subscriber,30,Desktop
SF_411,18,FEMALE,CANADA,Subscriber,81,Smart TV
SF_412,11,MALE,FRANCE,Free,362,Desktop
SF_413,50,MALE,USA,Subscriber,70,Mobile
SF_414,58,MALE,FRANCE,Free,331,Smart TV
SF_415,21,FEMALE,UK,Free,103,Desktop
SF_416,23,MALE,USA,Free,351,Tablet
SF_417,27,FEMALE,INDIA,Free,38,Tablet
SF_418,50,FEMALE,ITALY,Free,354,Tablet
SF_419,49,MALE,USA,Subscriber,237,Mobile
SF_420,49,MALE,UK,Free,454,Tablet
SF_421,36,FEMALE,ITALY,Free,251,Desktop
SF_422,54,MALE,ITALY,Free,366,Smart TV
SF_423,29,MALE,FRANCE,Free,393,Mobile
SF_424,19,MALE,USA,Free,107,Desktop
SF_425,39,MALE,USA,Subscriber,229,Tablet
SF_426,9,MALE,ITALY,Free,459,Desktop
SF_427,52,MALE,UK,Subscriber,11,Smart TV
SF_428,34,FEMALE,INDIA,Free,160,Desktop
SF_429,30,MALE,CANADA,Free,308,Desktop
SF_430,22,FEMALE,USA,Subscriber,325,Desktop
SF_431,42,MALE,ITALY,Free,428,Mobile
SF_432,51,MALE,FRANCE,Subscriber,248,Mobile
SF_433,18,MALE,FRANCE,Subscriber,10,Tablet
SF_434,31,FEMALE,INDIA,Free,371,Desktop
SF_435,40,MALE,USA,Subscriber,433,Smart TV
SF_436,40,MALE,CANADA,Free,362,Mobile
SF_437,32,MALE,ITALY,Subscriber,37,Tablet
SF_438,34,MALE,FRANCE,Free,190,Tablet
SF_439,56,MALE,CANADA,Subscriber,400,Tablet
SF_440,60,MALE,CANADA,Free,234,Mobile
SF_441,63,MALE,USA,Free,388,Desktop
SF_442,40,MALE,CANADA,Free,417,Mobile
SF_443,35,MALE,CANADA,Subscriber,444,Smart TV
SF_444,46,MALE,CANADA,Free,210,Desktop
SF_445,57,MALE,FRANCE,Subscriber,23,Mobile
SF_446,35,FEMALE,ITALY,Subscriber,441,Smart TV
SF_447,13,FEMALE,USA,Subscriber,256,Desktop
SF_448,65,MALE,ITALY,Free,96,Desktop
SF_449,13,MALE,INDIA,Free,462,Desktop
SF_450,61,MALE,USA,Free,451,Mobile
SF_451,57,MALE,CANADA,Subscriber,242,Tablet
SF_452,24,MALE,USA,Free,252,Desktop
SF_453,49,MALE,INDIA,Free,406,Mobile
SF_454,18,MALE,FRANCE,Subscriber,214,Smart TV
SF_455,33,FEMALE,ITALY,Subscriber,442,Tablet
SF_456,45,MALE,USA,Subscriber,476,Tablet
SF_457,34,MALE,FRANCE,Free,172,Smart TV
SF_458,52,MALE,FRANCE,Subscriber,317,Mobile
SF_459,22,FEMALE,ITALY,Free,326,Smart TV
SF_460,39,MALE,USA,Free,177,Mobile
SF_461,25,MALE,CANADA,Free,163,Desktop
SF_462,65,MALE,ITALY,Subscriber,405,Tablet
SF_463,41,MALE,CANADA,Free,157,Mobile
SF_464,43,FEMALE,UK,Free,358,Tablet
SF_465,33,MALE,CANADA,Subscriber,356,Tablet
SF_466,59,MALE,INDIA,Free,390,Tablet
SF_467,24,FEMALE,CANADA,Subscriber,17,Tablet
SF_468,54,FEMALE,FRANCE,Subscriber,213,Desktop
SF_469,16,MALE,CANADA,Free,473,Tablet
SF_470,61,FEMALE,UK,Free,489,Smart TV
SF_471,38,MALE,FRANCE,Subscriber,142,Tablet
SF_472,16,MALE,USA,Subscriber,93,Tablet
SF_473,38,FEMALE,USA,Subscriber,320,Smart TV
SF_474,32,MALE,UK,Subscriber,85,Smart TV
SF_475,41,FEMALE,ITALY,Free,278,Tablet
SF_476,12,MALE,USA,Subscriber,492,Mobile
SF_477,40,MALE,ITALY,Free,42,Smart TV
SF_478,36,MALE,UK,Free,91,Mobile
SF_479,51,MALE,UK,Free,274,Desktop
SF_480,54,FEMALE,UK,Free,430,Mobile
SF_481,51,MALE,UK,Free,325,Desktop
SF_482,40,MALE,INDIA,Subscriber,452,Mobile
SF_483,22,MALE,INDIA,Free,301,Tablet
SF_484,37,FEMALE,USA,Subscriber,134,Smart TV
SF_485,58,MALE,FRANCE,Subscriber,395,Mobile
SF_486,58,MALE,INDIA,Subscriber,193,Mobile
SF_487,21,FEMALE,USA,Free,308,Mobile
SF_488,53,MALE,CANADA,Subscriber,247,Mobile
SF_489,64,MALE,UK,Free,136,Smart TV
SF_490,11,MALE,INDIA,Subscriber,393,Tablet
SF_491,64,MALE,USA,Free,244,Tablet
SF_492,28,MALE,INDIA,Free,215,Smart TV
SF_493,11,MALE,UK,Free,105,Mobile
SF_494,36,FEMALE,UK,Subscriber,263,Mobile
SF_495,27,MALE,USA,Subscriber,81,Mobile
SF_496,9,MALE,USA,Subscriber,284,Smart TV
SF_497,29,FEMALE,FRANCE,Subscriber,384,Mobile
SF_498,35,MALE,ITALY,Free,99,Mobile
SF_499,12,FEMALE,INDIA,Free,376,Smart TV
SF_500,28,FEMALE,INDIA,Subscriber,35,Tablet
SF_501,23,MALE,FRANCE,Free,424,Tablet
SF_502,33,MALE,UK,Free,50,Desktop
SF_503,46,MALE,UK,Subscriber,16,Tablet
SF_504,9,MALE,CANADA,Free,210,Tablet
SF_505,33,MALE,UK,Free,283,Mobile
SF_506,29,MALE,UK,Free,442,Mobile
SF_507,33,FEMALE,UK,Free,378,Tablet
SF_508,12,MALE,INDIA,Subscriber,135,Desktop
SF_509,24,MALE,FRANCE,Free,339,Mobile
SF_510,51,MALE,CANADA,Free,324,Mobile
SF_511,26,FEMALE,UK,Free,321,Smart TV
SF_512,25,MALE,FRANCE,Subscriber,280,Tablet
SF_513,22,MALE,ITALY,Free,458,Smart TV
SF_514,57,MALE,FRANCE,Free,257,Mobile
SF_515,57,MALE,USA,Free,20,Smart TV
SF_516,51,FEMALE,INDIA,Free,484,Smart TV
SF_517,11,FEMALE,INDIA,Free,403,Smart TV
SF_518,55,FEMALE,CANADA,Free,319,Desktop
SF_519,51,FEMALE,ITALY,Subscriber,464,Desktop
SF_520,23,FEMALE,CANADA,Free,311,Tablet
SF_521,9,MALE,INDIA,Subscriber,212,Desktop
SF_522,48,MALE,INDIA,Subscriber,198,Smart TV
SF_523,40,MALE,FRANCE,Free,238,Desktop
SF_524,30,MALE,FRANCE,Free,208,Smart TV
SF_525,36,MALE,INDIA,Free,384,Mobile
SF_526,11,MALE,INDIA,Free,231,Mobile
SF_527,53,FEMALE,INDIA,Subscriber,452,Smart TV
SF_528,23,FEMALE,FRANCE,Free,86,Desktop
SF_529,58,MALE,FRANCE,Subscriber,421,Smart TV
SF_530,25,MALE,CANADA,Free,198,Tablet
SF_531,41,FEMALE,INDIA,Free,210,Desktop
SF_532,46,MALE,CANADA,Subscriber,221,Mobile
SF_533,36,MALE,INDIA,Subscriber,49,Desktop
SF_534,10,MALE,USA,Subscriber,69,Smart TV
SF_535,65,MALE,UK,Free,253,Mobile
SF_536,40,MALE,ITALY,Free,395,Mobile
SF_537,24,MALE,FRANCE,Subscriber,10,Desktop
SF_538,52,MALE,CANADA,Free,123,Mobile
SF_539,24,MALE,INDIA,Free,31,Desktop
SF_540,16,MALE,ITALY,Subscriber,489,Mobile
SF_541,15,FEMALE,INDIA,Free,330,Desktop
SF_542,13,MALE,CANADA,Subscriber,440,Tablet
SF_543,11,MALE,UK,Free,108,Smart TV
SF_544,22,MALE,CANADA,Free,308,Smart TV
SF_545,12,MALE,FRANCE,Subscriber,318,Mobile
SF_546,42,FEMALE,INDIA,Subscriber,89,Tablet
SF_547,44,MALE,INDIA,Free,169,Mobile
SF_548,21,FEMALE,INDIA,Subscriber,342,Smart TV
SF_549,44,MALE,CANADA,Free,268,Desktop
SF_550,10,MALE,FRANCE,Free,320,Mobile
SF_551,47,MALE,INDIA,Subscriber,372,Mobile
SF_552,36,MALE,USA,Free,300,Tablet
SF_553,31,MALE,ITALY,Free,21,Desktop
SF_554,14,MALE,FRANCE,Free,484,Tablet
SF_555,9,MALE,INDIA,Free,125,Desktop
SF_556,59,FEMALE,INDIA,Free,62,Smart TV
SF_557,45,MALE,USA,Subscriber,79,Mobile
SF_558,43,MALE,FRANCE,Subscriber,491,Mobile
SF_559,47,FEMALE,FRANCE,Subscriber,474,Mobile
SF_560,42,MALE,FRANCE,Subscriber,89,Desktop
SF_561,19,FEMALE,CANADA,Free,292,Smart TV
SF_562,10,MALE,CANADA,Free,251,Tablet
SF_563,38,MALE,ITALY,Subscriber,332,Smart TV
SF_564,41,MALE,USA,Free,30,Smart TV
SF_565,48,MALE,ITALY,Subscriber,381,Desktop
SF_566,43,MALE,ITALY,Subscriber,94,Desktop
SF_567,47,MALE,USA,Free,300,Tablet
SF_568,35,FEMALE,USA,Subscriber,187,Mobile
SF_569,43,FEMALE,UK,Subscriber,390,Smart TV
SF_570,38,MALE,CANADA,Free,299,Mobile
SF_571,58,MALE,USA,Subscriber,471,Desktop
SF_572,18,MALE,USA,Free,168,Smart TV
SF_573,57,FEMALE,UK,Subscriber,472,Mobile
SF_574,54,MALE,USA,Free,225,Desktop
SF_575,54,MALE,UK,Free,461,Smart TV
SF_576,25,FEMALE,FRANCE,Subscriber,314,Mobile
SF_577,55,MALE,UK,Free,258,Smart TV
SF_578,36,MALE,INDIA,Subscriber,294,Smart TV
SF_579,28,MALE,FRANCE,Subscriber,417,Tablet
SF_580,36,MALE,CANADA,Free,343,Mobile
SF_581,57,MALE,UK,Free,301,Tablet
SF_582,44,MALE,USA,Free,213,Tablet
SF_583,37,FEMALE,USA,Subscriber,125,Smart TV
SF_584,26,FEMALE,INDIA,Subscriber,382,Desktop
SF_585,49,MALE,USA,Subscriber,310,Smart TV
SF_586,60,MALE,CANADA,Subscriber,148,Smart TV
SF_587,17,MALE,FRANCE,Free,473,Mobile
SF_588,29,FEMALE,INDIA,Free,315,Mobile
SF_589,44,MALE,INDIA,Free,156,Mobile
SF_590,51,FEMALE,CANADA,Subscriber,94,Mobile
SF_591,52,MALE,CANADA,Free,97,Tablet
SF_592,46,MALE,USA,Free,23,Desktop
SF_593,35,FEMALE,CANADA,Subscriber,500,Mobile
SF_594,30,FEMALE,USA,Free,22,Desktop
SF_595,38,MALE,FRANCE,Free,269,Smart TV
SF_596,35,FEMALE,FRANCE,Free,193,Desktop
SF_597,25,MALE,UK,Free,313,Desktop
SF_598,58,MALE,UK,Subscriber,192,Tablet
SF_599,47,MALE,UK,Subscriber,32,Mobile
SF_600,24,MALE,USA,Subscriber,322,Smart TV
SF_601,42,FEMALE,USA,Free,33,Desktop
SF_602,12,FEMALE,USA,Free,14,Mobile
SF_603,35,FEMALE,UK,Free,158,Desktop
SF_604,62,MALE,UK,Subscriber,383,Smart TV
SF_605,14,FEMALE,FRANCE,Free,98,Mobile
SF_606,51,FEMALE,UK,Free,328,Smart TV
SF_607,28,MALE,INDIA,Free,88,Mobile
SF_608,62,MALE,FRANCE,Subscriber,49,Mobile
SF_609,50,MALE,USA,Subscriber,427,Smart TV
SF_610,11,MALE,UK,Subscriber,320,Smart TV
SF_611,31,MALE,ITALY,Free,37,Smart TV
SF_612,49,MALE,UK,Subscriber,236,Tablet
SF_613,47,MALE,ITALY,Free,101,Desktop
SF_614,35,MALE,INDIA,Free,446,Mobile
SF_615,61,MALE,USA,Free,402,Smart TV
SF_616,56,MALE,UK,Free,75,Desktop
SF_617,41,FEMALE,UK,Subscriber,373,Smart TV
SF_618,14,MALE,UK,Free,471,Tablet
SF_619,36,FEMALE,FRANCE,Free,134,Mobile
SF_620,20,MALE,UK,Free,24,Mobile
SF_621,19,MALE,UK,Free,242,Desktop
SF_622,63,MALE,FRANCE,Subscriber,445,Tablet
SF_623,33,MALE,USA,Free,21,Smart TV
SF_624,36,MALE,INDIA,Subscriber,140,Desktop
SF_625,50,FEMALE,USA,Free,306,Desktop
SF_626,58,MALE,INDIA,Free,482,Mobile
SF_627,16,MALE,CANADA,Subscriber,459,Mobile
SF_628,44,FEMALE,FRANCE,Subscriber,237,Smart TV
SF_629,55,FEMALE,INDIA,Subscriber,282,Tablet
SF_630,32,FEMALE,FRANCE,Subscriber,266,Desktop
SF_631,20,MALE,CANADA,Free,99,Mobile
SF_632,30,MALE,UK,Subscriber,175,Desktop
SF_633,53,MALE,CANADA,Free,245,Tablet
SF_634,51,FEMALE,CANADA,Free,460,Desktop
SF_635,14,MALE,FRANCE,Subscriber,479,Desktop
SF_636,53,MALE,CANADA,Subscriber,452,Mobile
SF_637,57,MALE,FRANCE,Subscriber,417,Smart TV
SF_638,23,MALE,INDIA,Subscriber,270,Tablet
SF_639,30,MALE,ITALY,Free,101,Smart TV
SF_640,44,MALE,CANADA,Free,318,Desktop
SF_641,18,FEMALE,UK,Free,145,Smart TV
SF_642,48,FEMALE,ITALY,Subscriber,145,Mobile
SF_643,64,MALE,ITALY,Free,410,Desktop
SF_644,36,MALE,INDIA,Subscriber,94,Tablet
SF_645,32,MALE,ITALY,Free,186,Mobile
SF_646,47,MALE,UK,Subscriber,87,Desktop
SF_647,62,MALE,USA,Subscriber,116,Desktop
SF_648,29,FEMALE,CANADA,Subscriber,412,Smart TV
SF_649,36,MALE,CANADA,Free,417,Tablet
SF_650,34,MALE,FRANCE,Subscriber,389,Mobile
SF_651,21,MALE,INDIA,Subscriber,117,Desktop
SF_652,35,MALE,UK,Subscriber,151,Mobile
SF_653,39,MALE,FRANCE,Free,170,Smart TV
SF_654,19,MALE,FRANCE,Free,401,Mobile
SF_655,23,FEMALE,CANADA,Free,47,Smart TV
SF_656,23,FEMALE,FRANCE,Subscriber,377,Smart TV
SF_657,33,FEMALE,FRANCE,Free,496,Desktop
SF_658,16,FEMALE,FRANCE,Subscriber,344,Mobile
SF_659,35,FEMALE,UK,Free,372,Smart TV
SF_660,23,MALE,UK,Subscriber,297,Desktop
SF_661,12,MALE,INDIA,Free,441,Mobile
SF_662,16,MALE,FRANCE,Free,464,Tablet
SF_663,21,FEMALE,UK,Subscriber,435,Desktop
SF_664,42,MALE,USA,Subscriber,164,Mobile
SF_665,28,MALE,USA,Subscriber,380,Smart TV
SF_666,59,FEMALE,INDIA,Free,215,Tablet
SF_667,17,MALE,CANADA,Free,81,Smart TV
SF_668,53,FEMALE,UK,Subscriber,218,Desktop
SF_669,19,MALE,CANADA,Free,389,Mobile
SF_670,47,MALE,UK,Subscriber,122,Desktop
SF_671,31,MALE,INDIA,Subscriber,27,Smart TV
SF_672,33,MALE,FRANCE,Free,281,Smart TV
SF_673,36,MALE,USA,Subscriber,59,Mobile
SF_674,64,MALE,FRANCE,Subscriber,223,Smart TV
SF_675,57,MALE,FRANCE,Subscriber,75,Mobile
SF_676,45,MALE,FRANCE,Subscriber,92,Tablet
SF_677,61,MALE,INDIA,Free,26,Desktop
SF_678,54,MALE,INDIA,Free,193,Mobile
SF_679,34,MALE,USA,Free,139,Tablet
SF_680,24,MALE,FRANCE,Free,292,Mobile
SF_681,53,MALE,ITALY,Subscriber,327,Smart TV
SF_682,30,MALE,USA,Subscriber,317,Tablet
SF_683,58,MALE,UK,Free,238,Tablet
SF_684,16,MALE,UK,Subscriber,34,Tablet
SF_685,62,MALE,UK,Free,142,Mobile
SF_686,59,MALE,USA,Subscriber,232,Tablet
SF_687,34,FEMALE,FRANCE,Subscriber,441,Smart TV
SF_688,29,MALE,USA,Subscriber,325,Desktop
SF_689,51,FEMALE,USA,Free,480,Desktop
SF_690,17,MALE,UK,Subscriber,104,Mobile
SF_691,32,MALE,ITALY,Subscriber,146,Tablet
SF_692,44,FEMALE,ITALY,Free,289,Mobile
SF_693,62,MALE,UK,Subscriber,325,Smart TV
SF_694,23,MALE,UK,Subscriber,363,Mobile
SF_695,61,FEMALE,USA,Free,106,Mobile
SF_696,53,MALE,FRANCE,Free,210,Smart TV
SF_697,51,FEMALE,ITALY,Free,147,Smart TV
SF_698,52,MALE,FRANCE,Free,407,Mobile
SF_699,46,MALE,UK,Subscriber,462,Mobile
SF_700,24,MALE,CANADA,Free,426,Mobile
SF_701,60,FEMALE,CANADA,Subscriber,450,Smart TV
SF_702,57,MALE,CANADA,Free,340,Smart TV
SF_703,42,FEMALE,CANADA,Subscriber,258,Smart TV
SF_704,23,FEMALE,ITALY,Subscriber,110,Mobile
SF_705,58,MALE,FRANCE,Subscriber,88,Mobile
SF_706,51,MALE,USA,Subscriber,195,Tablet
SF_707,26,MALE,USA,Subscriber,395,Tablet
SF_708,13,MALE,INDIA,Free,64,Tablet
SF_709,29,MALE,FRANCE,Subscriber,251,Mobile
SF_710,44,MALE,USA,Free,32,Desktop
SF_711,59,MALE,USA,Subscriber,389,Tablet
SF_712,44,MALE,ITALY,Free,160,Tablet
SF_713,12,MALE,CANADA,Free,424,Smart TV
SF_714,14,MALE,CANADA,Subscriber,195,Tablet
SF_715,36,MALE,FRANCE,Free,495,Smart TV
SF_716,31,MALE,UK,Free,164,Desktop
SF_717,18,MALE,INDIA,Free,218,Mobile
SF_718,9,MALE,ITALY,Subscriber,473,Desktop
SF_719,55,MALE,INDIA,Free,14,Tablet
SF_720,57,MALE,INDIA,Subscriber,73,Mobile
SF_721,62,FEMALE,CANADA,Free,400,Desktop
SF_722,50,MALE,ITALY,Free,412,Smart TV
SF_723,56,MALE,ITALY,Subscriber,225,Mobile
SF_724,39,MALE,USA,Subscriber,336,Tablet
SF_725,36,MALE,CANADA,Subscriber,63,Desktop
SF_726,38,FEMALE,UK,Subscriber,228,Mobile
SF_727,46,MALE,UK,Free,164,Tablet
SF_728,34,MALE,ITALY,Subscriber,28,Mobile
SF_729,46,MALE,USA,Free,498,Smart TV
SF_730,29,MALE,ITALY,Subscriber,162,Desktop
SF_731,33,MALE,USA,Subscriber,252,Smart TV
SF_732,24,MALE,FRANCE,Subscriber,382,Mobile
SF_733,48,MALE,USA,Free,381,Desktop
SF_734,29,MALE,INDIA,Free,426,Mobile
SF_735,10,MALE,ITALY,Free,157,Mobile
SF_736,13,MALE,INDIA,Free,316,Desktop
SF_737,29,MALE,USA,Free,126,Desktop
SF_738,49,MALE,ITALY,Free,459,Tablet
SF_739,56,MALE,ITALY,Subscriber,22,Desktop
SF_740,49,MALE,ITALY,Free,336,Desktop
SF_741,15,MALE,USA,Free,347,Tablet
SF_742,15,MALE,CANADA,Free,144,Smart TV
SF_743,36,FEMALE,FRANCE,Free,50,Tablet
SF_744,31,MALE,CANADA,Subscriber,76,Mobile
SF_745,34,MALE,ITALY,Subscriber,236,Desktop
SF_746,63,FEMALE,UK,Free,171,Desktop
SF_747,19,MALE,INDIA,Free,27,Desktop
SF_748,48,MALE,UK,Subscriber,453,Mobile
SF_749,35,MALE,UK,Free,436,Mobile
SF_750,65,FEMALE,INDIA,Free,376,Mobile
SF_751,13,FEMALE,FRANCE,Subscriber,121,Mobile
SF_752,41,FEMALE,UK,Free,23,Smart TV
SF_753,16,MALE,FRANCE,Subscriber,460,Mobile
SF_754,18,MALE,INDIA,Free,101,Desktop
SF_755,24,FEMALE,UK,Subscriber,294,Mobile
SF_756,40,MALE,INDIA,Free,428,Desktop
SF_757,23,MALE,CANADA,Subscriber,140,Desktop
SF_758,9,MALE,CANADA,Free,172,Mobile
SF_759,50,FEMALE,CANADA,Subscriber,205,Smart TV
SF_760,57,MALE,CANADA,Free,18,Tablet
SF_761,30,MALE,INDIA,Free,389,Mobile
SF_762,21,MALE,UK,Free,130,Mobile
SF_763,11,MALE,UK,Free,24,Desktop
SF_764,22,MALE,USA,Free,459,Desktop
SF_765,51,MALE,CANADA,Free,27,Desktop
SF_766,21,FEMALE,CANADA,Subscriber,376,Smart TV
SF_767,49,MALE,INDIA,Free,341,Smart TV
SF_768,60,MALE,USA,Subscriber,246,Desktop
SF_769,36,MALE,INDIA,Free,251,Tablet
SF_770,21,MALE,USA,Free,116,Tablet
SF_771,40,FEMALE,USA,Free,499,Desktop
SF_772,54,MALE,FRANCE,Free,287,Desktop
SF_773,17,MALE,FRANCE,Free,46,Tablet
SF_774,15,MALE,CANADA,Subscriber,105,Desktop
SF_775,29,MALE,UK,Free,89,Mobile
SF_776,27,FEMALE,UK,Free,125,Tablet
SF_777,10,MALE,INDIA,Subscriber,91,Mobile
SF_778,20,MALE,FRANCE,Subscriber,406,Smart TV
SF_779,30,MALE,UK,Subscriber,388,Mobile
SF_780,34,MALE,USA,Subscriber,37,Desktop
SF_781,12,MALE,ITALY,Free,33,Mobile
SF_782,61,MALE,UK,Subscriber,244,Smart TV
SF_783,24,MALE,FRANCE,Subscriber,335,Desktop
SF_784,57,MALE,USA,Subscriber,489,Desktop
SF_785,60,MALE,INDIA,Subscriber,479,Desktop
SF_786,28,MALE,CANADA,Subscriber,55,Mobile
SF_787,13,MALE,CANADA,Subscriber,487,Smart TV
SF_788,28,MALE,INDIA,Subscriber,287,Mobile
SF_789,45,MALE,FRANCE,Free,163,Mobile
SF_790,31,MALE,USA,Free,283,Smart TV
SF_791,47,MALE,INDIA,Free,207,Mobile
SF_792,15,MALE,INDIA,Free,471,Mobile
SF_793,58,FEMALE,UK,Subscriber,197,Desktop
SF_794,49,MALE,CANADA,Subscriber,52,Desktop
SF_795,39,FEMALE,FRANCE,Free,448,Mobile
SF_796,44,MALE,FRANCE,Subscriber,441,Smart TV
SF_797,32,FEMALE,INDIA,Free,124,Smart TV
SF_798,60,FEMALE,ITALY,Subscriber,352,Mobile
SF_799,48,FEMALE,INDIA,Subscriber,60,Smart TV
SF_800,26,FEMALE,USA,Subscriber,345,Smart TV
SF_801,54,FEMALE,INDIA,Free,489,Tablet
SF_802,43,MALE,FRANCE,Free,53,Tablet
SF_803,60,MALE,USA,Subscriber,305,Mobile
SF_804,22,MALE,ITALY,Subscriber,286,Mobile
SF_805,58,MALE,ITALY,Subscriber,116,Desktop
SF_806,31,MALE,USA,Subscriber,421,Mobile
SF_807,63,MALE,UK,Free,129,Mobile
SF_808,32,MALE,ITALY,Free,220,Tablet
SF_809,36,MALE,CANADA,Subscriber,410,Mobile
SF_810,40,MALE,ITALY,Free,171,Smart TV
SF_811,13,MALE,CANADA,Free,266,Desktop
SF_812,46,MALE,INDIA,Free,371,Tablet
SF_813,20,MALE,INDIA,Free,370,Desktop
SF_814,35,FEMALE,ITALY,Subscriber,59,Mobile
SF_815,65,MALE,CANADA,Subscriber,312,Tablet
SF_816,54,MALE,ITALY,Free,485,Desktop
SF_817,50,MALE,FRANCE,Free,28,Mobile
SF_818,18,MALE,FRANCE,Free,142,Mobile
SF_819,45,MALE,USA,Free,304,Desktop
SF_820,22,MALE,FRANCE,Subscriber,300,Desktop
SF_821,47,MALE,CANADA,Free,122,Mobile
SF_822,27,FEMALE,ITALY,Free,219,Tablet
SF_823,23,MALE,UK,Free,388,Tablet
SF_824,54,MALE,INDIA,Free,471,Tablet
SF_825,34,MALE,ITALY,Free,62,Tablet
SF_826,18,FEMALE,USA,Subscriber,20,Mobile
SF_827,38,MALE,UK,Subscriber,173,Smart TV
SF_828,36,MALE,USA,Free,422,Desktop
SF_829,45,MALE,INDIA,Subscriber,351,Smart TV
SF_830,9,MALE,ITALY,Subscriber,177,Tablet
SF_831,42,FEMALE,USA,Free,38,Tablet
SF_832,49,MALE,ITALY,Free,341,Smart TV
SF_833,24,MALE,CANADA,Free,34,Desktop
SF_834,18,FEMALE,USA,Free,211,Tablet
SF_835,27,MALE,INDIA,Free,195,Smart TV
SF_836,45,MALE,USA,Subscriber,427,Tablet
SF_837,28,MALE,FRANCE,Free,179,Desktop
SF_838,10,MALE,USA,Free,244,Desktop
SF_839,59,MALE,CANADA,Free,362,Desktop
SF_840,21,FEMALE,FRANCE,Free,350,Smart TV
SF_841,19,FEMALE,USA,Subscriber,413,Mobile
SF_842,50,FEMALE,UK,Subscriber,164,Mobile
SF_843,21,MALE,USA,Subscriber,217,Desktop
SF_844,12,MALE,USA,Subscriber,47,Tablet
SF_845,15,FEMALE,USA,Subscriber,408,Smart TV
SF_846,51,MALE,USA,Free,15,Tablet
SF_847,46,FEMALE,USA,Subscriber,375,Desktop
SF_848,22,MALE,INDIA,Free,331,Smart TV
SF_849,22,MALE,FRANCE,Subscriber,200,Smart TV
SF_850,14,MALE,FRANCE,Free,277,Tablet
SF_851,43,MALE,UK,Subscriber,450,Desktop
SF_852,12,MALE,ITALY,Subscriber,295,Tablet
SF_853,64,MALE,UK,Subscriber,250,Mobile
SF_854,14,FEMALE,ITALY,Subscriber,141,Mobile
SF_855,45,FEMALE,USA,Free,154,Tablet
SF_856,35,FEMALE,INDIA,Free,103,Smart TV
SF_857,59,MALE,ITALY,Free,359,Mobile
SF_858,17,MALE,USA,Subscriber,202,Desktop
SF_859,40,MALE,USA,Subscriber,239,Desktop
SF_860,48,MALE,CANADA,Free,111,Desktop
SF_861,24,MALE,CANADA,Subscriber,160,Desktop
SF_862,49,MALE,INDIA,Subscriber,306,Smart TV
SF_863,64,MALE,CANADA,Subscriber,428,Desktop
SF_864,28,FEMALE,INDIA,Free,70,Smart TV
SF_865,20,MALE,UK,Free,265,Smart TV
SF_866,15,MALE,UK,Free,67,Smart TV
SF_867,9,MALE,UK,Free,69,Smart TV
SF_868,28,MALE,FRANCE,Free,403,Smart TV
SF_869,9,MALE,FRANCE,Free,438,Mobile
SF_870,45,FEMALE,USA,Subscriber,288,Mobile
SF_871,38,MALE,USA,Free,361,Mobile
SF_872,25,MALE,FRANCE,Free,109,Mobile
SF_873,15,MALE,CANADA,Subscriber,103,Desktop
SF_874,9,MALE,UK,Free,248,Desktop
SF_875,15,MALE,FRANCE,Free,224,Desktop
SF_876,52,MALE,UK,Subscriber,433,Mobile
SF_877,39,MALE,UK,Free,242,Desktop
SF_878,60,MALE,UK,Free,479,Smart TV
SF_879,42,MALE,USA,Free,469,Smart TV
SF_880,40,MALE,USA,Free,416,Smart TV
SF_881,54,MALE,INDIA,Free,164,Smart TV
SF_882,16,MALE,FRANCE,Free,179,Tablet
SF_883,32,FEMALE,UK,Subscriber,288,Tablet
SF_884,50,MALE,FRANCE,Free,282,Smart TV
SF_885,16,MALE,USA,Subscriber,485,Desktop
SF_886,50,FEMALE,FRANCE,Subscriber,179,Smart TV
SF_887,36,FEMALE,USA,Subscriber,403,Smart TV
SF_888,18,FEMALE,FRANCE,Subscriber,429,Mobile
SF_889,41,MALE,UK,Free,425,Desktop
SF_890,62,MALE,USA,Subscriber,363,Mobile
SF_891,63,MALE,CANADA,Free,215,Tablet
SF_892,12,MALE,USA,Free,208,Tablet
SF_893,20,FEMALE,CANADA,Free,269,Mobile
SF_894,57,MALE,USA,Subscriber,121,Mobile
SF_895,14,MALE,USA,Subscriber,177,Tablet
SF_896,26,MALE,FRANCE,Subscriber,444,Smart TV
SF_897,52,MALE,USA,Free,293,Smart TV
SF_898,21,MALE,INDIA,Subscriber,78,Smart TV
SF_899,19,FEMALE,ITALY,Free,320,Desktop
SF_900,53,FEMALE,ITALY,Free,224,Tablet
SF_901,19,FEMALE,CANADA,Subscriber,399,Tablet
SF_902,37,MALE,INDIA,Subscriber,381,Mobile
SF_903,16,MALE,INDIA,Subscriber,332,Mobile
SF_904,21,MALE,INDIA,Free,367,Tablet
SF_905,34,FEMALE,FRANCE,Subscriber,342,Tablet
SF_906,62,MALE,FRANCE,Subscriber,126,Smart TV
SF_907,13,FEMALE,INDIA,Free,13,Mobile
SF_908,10,FEMALE,USA,Subscriber,353,Tablet
SF_909,26,MALE,INDIA,Free,331,Mobile
SF_910,41,FEMALE,UK,Free,288,Smart TV
SF_911,16,MALE,INDIA,Subscriber,491,Desktop
SF_912,18,FEMALE,INDIA,Free,165,Desktop
SF_913,64,MALE,INDIA,Free,353,Mobile
SF_914,39,FEMALE,INDIA,Free,134,Desktop
SF_915,44,MALE,INDIA,Subscriber,116,Desktop
SF_916,30,FEMALE,USA,Free,192,Desktop
SF_917,41,MALE,INDIA,Subscriber,463,Mobile
SF_918,60,FEMALE,INDIA,Free,125,Mobile
SF_919,39,FEMALE,INDIA,Free,108,Smart TV
SF_920,30,MALE,CANADA,Free,191,Tablet
SF_921,15,MALE,UK,Subscriber,497,Tablet
SF_922,63,MALE,INDIA,Subscriber,357,Smart TV
SF_923,56,MALE,INDIA,Subscriber,350,Tablet
SF_924,61,MALE,ITALY,Free,194,Desktop
SF_925,52,FEMALE,USA,Subscriber,65,Mobile
SF_926,44,MALE,INDIA,Subscriber,220,Mobile
SF_927,36,FEMALE,FRANCE,Subscriber,33,Tablet
SF_928,42,FEMALE,FRANCE,Subscriber,30,Tablet
SF_929,28,MALE,INDIA,Free,18,Smart TV
SF_930,20,MALE,INDIA,Free,100,Tablet
SF_931,60,FEMALE,USA,Subscriber,102,Smart TV
SF_932,27,FEMALE,CANADA,Subscriber,471,Tablet
SF_933,28,MALE,UK,Free,350,Smart TV
SF_934,31,FEMALE,INDIA,Free,234,Tablet
SF_935,36,MALE,INDIA,Subscriber,495,Tablet
SF_936,43,MALE,INDIA,Free,479,Mobile
SF_937,44,MALE,ITALY,Free,326,Smart TV
SF_938,14,FEMALE,CANADA,Free,250,Desktop
SF_939,57,FEMALE,INDIA,Subscriber,286,Mobile
SF_940,12,MALE,ITALY,Free,277,Desktop
SF_941,34,MALE,USA,Subscriber,289,Smart TV
SF_942,34,FEMALE,FRANCE,Subscriber,464,Smart TV
SF_943,17,FEMALE,INDIA,Free,64,Desktop
SF_944,22,MALE,USA,Free,53,Smart TV
SF_945,31,MALE,FRANCE,Subscriber,461,Desktop
SF_946,21,MALE,UK,Subscriber,429,Desktop
SF_947,29,MALE,UK,Subscriber,354,Mobile
SF_948,60,MALE,UK,Free,159,Smart TV
SF_949,46,MALE,CANADA,Subscriber,26,Desktop
SF_950,63,MALE,CANADA,Free,239,Smart TV
SF_951,17,MALE,FRANCE,Subscriber,383,Mobile
SF_952,54,MALE,CANADA,Subscriber,81,Desktop
SF_953,42,MALE,UK,Free,358,Smart TV
SF_954,20,FEMALE,UK,Subscriber,255,Smart TV
SF_955,37,FEMALE,CANADA,Subscriber,252,Tablet
SF_956,54,MALE,CANADA,Subscriber,108,Smart TV
SF_957,39,MALE,UK,Free,161,Desktop
SF_958,49,MALE,USA,Free,271,Mobile
SF_959,16,MALE,FRANCE,Subscriber,343,Smart TV
SF_960,36,MALE,UK,Subscriber,467,Smart TV
SF_961,39,MALE,ITALY,Subscriber,215,Tablet
SF_962,16,FEMALE,FRANCE,Free,274,Desktop
SF_963,38,MALE,INDIA,Free,333,Tablet
SF_964,33,MALE,UK,Free,321,Desktop
SF_965,41,MALE,INDIA,Free,250,Desktop
SF_966,28,MALE,CANADA,Free,272,Desktop
SF_967,60,FEMALE,UK,Subscriber,321,Smart TV
SF_968,14,MALE,CANADA,Subscriber,37,Tablet
SF_969,54,FEMALE,USA,Free,211,Tablet
SF_970,40,MALE,ITALY,Free,185,Tablet
SF_971,24,MALE,INDIA,Free,200,Desktop
SF_972,58,MALE,CANADA,Free,258,Tablet
SF_973,61,FEMALE,FRANCE,Free,186,Mobile
SF_974,18,MALE,FRANCE,Subscriber,105,Smart TV
SF_975,33,MALE,UK,Free,153,Mobile
SF_976,45,MALE,INDIA,Subscriber,358,Desktop
SF_977,12,MALE,INDIA,Free,215,Desktop
SF_978,46,MALE,CANADA,Free,195,Mobile
SF_979,58,MALE,UK,Subscriber,475,Mobile
SF_980,10,MALE,UK,Subscriber,194,Mobile
SF_981,23,MALE,UK,Subscriber,423,Tablet
SF_982,16,FEMALE,UK,Free,191,Desktop
SF_983,53,FEMALE,INDIA,Subscriber,25,Tablet
SF_984,61,MALE,CANADA,Free,321,Desktop
SF_985,46,MALE,FRANCE,Subscriber,165,Mobile
SF_986,30,FEMALE,CANADA,Free,238,Tablet
SF_987,44,FEMALE,USA,Subscriber,500,Tablet
SF_988,17,MALE,CANADA,Subscriber,265,Desktop
SF_989,49,MALE,UK,Free,197,Desktop
SF_990,46,MALE,CANADA,Free,55,Mobile
SF_991,28,FEMALE,INDIA,Subscriber,139,Desktop
SF_992,18,FEMALE,CANADA,Subscriber,245,Mobile
SF_993,9,MALE,UK,Subscriber,10,Mobile
SF_994,14,MALE,INDIA,Free,321,Tablet
SF_995,61,FEMALE,ITALY,Subscriber,139,Smart TV
SF_996,28,MALE,USA,Subscriber,303,Smart TV
SF_997,65,MALE,USA,Subscriber,484,Smart TV
SF_998,24,MALE,CANADA,Free,238,Desktop
SF_999,45,MALE,CANADA,Subscriber,207,Smart TV
SF_1000,23,FEMALE,FRANCE,Free,373,Desktop
SF_1001,43,MALE,FRANCE,Subscriber,249,Mobile
SF_1002,56,MALE,USA,Free,30,Tablet
SF_1003,42,MALE,FRANCE,Subscriber,203,Tablet
SF_1004,39,MALE,INDIA,Free,453,Tablet
SF_1005,9,MALE,USA,Subscriber,475,Smart TV
SF_1006,47,MALE,USA,Free,409,Smart TV
SF_1007,58,MALE,CANADA,Subscriber,328,Mobile
SF_1008,58,MALE,USA,Subscriber,377,Tablet
SF_1009,53,MALE,ITALY,Free,433,Desktop
SF_1010,50,MALE,UK,Subscriber,52,Tablet
SF_1011,10,MALE,FRANCE,Subscriber,392,Mobile
SF_1012,21,FEMALE,INDIA,Free,303,Smart TV
SF_1013,48,MALE,FRANCE,Free,316,Desktop
SF_1014,10,FEMALE,INDIA,Subscriber,269,Desktop
SF_1015,13,MALE,INDIA,Subscriber,348,Mobile
SF_1016,65,MALE,CANADA,Free,77,Smart TV
SF_1017,9,MALE,UK,Free,313,Tablet
SF_1018,65,MALE,USA,Free,473,Mobile
SF_1019,28,MALE,FRANCE,Subscriber,346,Smart TV
SF_1020,65,MALE,FRANCE,Subscriber,146,Mobile
SF_1021,53,MALE,FRANCE,Subscriber,221,Tablet
SF_1022,46,MALE,FRANCE,Free,47,Desktop
SF_1023,44,MALE,ITALY,Subscriber,435,Desktop
SF_1024,12,FEMALE,INDIA,Subscriber,261,Mobile
SF_1025,50,MALE,USA,Free,372,Desktop
SF_1026,62,FEMALE,FRANCE,Subscriber,317,Smart TV
SF_1027,34,MALE,CANADA,Subscriber,130,Smart TV
SF_1028,46,FEMALE,CANADA,Free,67,Smart TV
SF_1029,36,MALE,USA,Subscriber,281,Tablet
SF_1030,47,MALE,USA,Free,237,Desktop
SF_1031,34,MALE,CANADA,Free,298,Desktop
SF_1032,20,MALE,CANADA,Subscriber,143,Mobile
SF_1033,43,MALE,FRANCE,Subscriber,102,Mobile
SF_1034,9,FEMALE,UK,Free,224,Desktop
SF_1035,29,MALE,USA,Subscriber,304,Mobile
SF_1036,51,MALE,CANADA,Free,417,Mobile
SF_1037,54,MALE,UK,Subscriber,458,Desktop
SF_1038,13,FEMALE,CANADA,Subscriber,419,Desktop
SF_1039,42,FEMALE,INDIA,Free,281,Smart TV
SF_1040,39,MALE,CANADA,Subscriber,163,Smart TV
SF_1041,51,MALE,FRANCE,Free,414,Tablet
SF_1042,40,MALE,CANADA,Subscriber,88,Smart TV
SF_1043,54,FEMALE,FRANCE,Subscriber,144,Tablet
SF_1044,21,MALE,FRANCE,Free,385,Desktop
SF_1045,28,FEMALE,FRANCE,Subscriber,491,Desktop
SF_1046,30,MALE,ITALY,Subscriber,107,Desktop
SF_1047,26,MALE,ITALY,Free,461,Mobile
SF_1048,45,MALE,CANADA,Free,218,Tablet
SF_1049,48,MALE,ITALY,Free,225,Smart TV
SF_1050,56,MALE,ITALY,Free,320,Tablet
SF_1051,20,FEMALE,CANADA,Subscriber,337,Tablet
SF_1052,43,FEMALE,USA,Subscriber,327,Mobile
SF_1053,28,MALE,UK,Free,391,Desktop
SF_1054,58,MALE,USA,Subscriber,99,Desktop
SF_1055,46,MALE,USA,Free,318,Mobile
SF_1056,40,MALE,FRANCE,Free,243,Desktop
SF_1057,59,MALE,FRANCE,Subscriber,219,Desktop
SF_1058,23,MALE,UK,Subscriber,115,Mobile
SF_1059,59,FEMALE,ITALY,Free,491,Tablet
SF_1060,13,MALE,ITALY,Free,86,Mobile
SF_1061,31,MALE,ITALY,Subscriber,148,Tablet
SF_1062,27,MALE,CANADA,Subscriber,340,Mobile
SF_1063,32,MALE,INDIA,Subscriber,45,Desktop
SF_1064,56,MALE,FRANCE,Free,493,Desktop
SF_1065,57,FEMALE,INDIA,Free,171,Tablet
SF_1066,11,MALE,USA,Free,400,Tablet
SF_1067,55,MALE,INDIA,Subscriber,218,Mobile
SF_1068,45,FEMALE,UK,Free,309,Smart TV
SF_1069,26,MALE,USA,Free,296,Desktop
SF_1070,30,FEMALE,INDIA,Free,388,Tablet
SF_1071,56,MALE,ITALY,Free,414,Smart TV
SF_1072,31,FEMALE,CANADA,Free,355,Tablet
SF_1073,37,FEMALE,INDIA,Subscriber,136,Desktop
SF_1074,30,MALE,FRANCE,Free,374,Smart TV
SF_1075,44,FEMALE,ITALY,Subscriber,41,Tablet
SF_1076,58,FEMALE,INDIA,Subscriber,395,Smart TV
SF_1077,22,MALE,FRANCE,Free,316,Desktop
SF_1078,44,FEMALE,USA,Free,145,Smart TV
SF_1079,57,MALE,UK,Free,138,Smart TV
SF_1080,46,MALE,USA,Free,434,Tablet
SF_1081,46,MALE,FRANCE,Subscriber,307,Desktop
SF_1082,41,MALE,USA,Free,31,Mobile
SF_1083,48,MALE,CANADA,Free,119,Desktop
SF_1084,25,MALE,CANADA,Subscriber,253,Smart TV
SF_1085,37,MALE,UK,Subscriber,114,Smart TV
SF_1086,11,MALE,FRANCE,Subscriber,321,Mobile
SF_1087,31,MALE,FRANCE,Subscriber,383,Smart TV
SF_1088,23,FEMALE,FRANCE,Subscriber,420,Smart TV
SF_1089,18,MALE,FRANCE,Free,235,Tablet
SF_1090,42,MALE,ITALY,Free,198,Smart TV
SF_1091,14,MALE,UK,Subscriber,169,Tablet
SF_1092,58,FEMALE,FRANCE,Free,385,Tablet
SF_1093,59,MALE,FRANCE,Subscriber,152,Smart TV
SF_1094,57,FEMALE,FRANCE,Free,314,Tablet
SF_1095,58,FEMALE,USA,Subscriber,286,Smart TV
SF_1096,9,MALE,CANADA,Subscriber,139,Desktop
SF_1097,57,MALE,FRANCE,Free,240,Tablet
SF_1098,39,MALE,ITALY,Free,90,Tablet
SF_1099,49,MALE,UK,Subscriber,96,Smart TV
SF_1100,57,MALE,UK,Subscriber,131,Tablet
SF_1101,38,MALE,UK,Free,79,Desktop
SF_1102,43,MALE,CANADA,Subscriber,379,Desktop
SF_1103,59,FEMALE,USA,Free,105,Tablet
SF_1104,29,MALE,FRANCE,Subscriber,146,Mobile
SF_1105,22,MALE,CANADA,Subscriber,116,Desktop
SF_1106,22,MALE,UK,Subscriber,196,Tablet
SF_1107,9,FEMALE,CANADA,Subscriber,419,Tablet
SF_1108,51,MALE,UK,Free,281,Desktop
SF_1109,44,MALE,CANADA,Free,425,Tablet
SF_1110,46,FEMALE,USA,Subscriber,246,Mobile
SF_1111,14,FEMALE,CANADA,Free,148,Tablet
SF_1112,63,MALE,ITALY,Free,206,Desktop
SF_1113,11,MALE,ITALY,Subscriber,444,Mobile
SF_1114,58,FEMALE,FRANCE,Subscriber,31,Smart TV
SF_1115,28,FEMALE,UK,Free,356,Tablet
SF_1116,45,MALE,ITALY,Free,408,Smart TV
SF_1117,45,MALE,FRANCE,Subscriber,85,Smart TV
SF_1118,35,MALE,ITALY,Free,196,Mobile
SF_1119,57,MALE,ITALY,Free,145,Smart TV
SF_1120,53,MALE,FRANCE,Subscriber,61,Mobile
SF_1121,32,MALE,ITALY,Free,256,Smart TV
SF_1122,10,MALE,FRANCE,Free,319,Mobile
SF_1123,37,MALE,CANADA,Subscriber,16,Desktop
SF_1124,16,MALE,INDIA,Free,43,Mobile
SF_1125,65,FEMALE,ITALY,Subscriber,340,Tablet
SF_1126,61,MALE,ITALY,Subscriber,356,Smart TV
SF_1127,48,MALE,INDIA,Free,275,Mobile
SF_1128,31,MALE,CANADA,Free,271,Tablet
SF_1129,9,MALE,UK,Free,136,Smart TV
SF_1130,43,MALE,CANADA,Subscriber,360,Smart TV
SF_1131,21,MALE,FRANCE,Free,410,Desktop
SF_1132,42,MALE,UK,Free,446,Mobile
SF_1133,44,MALE,UK,Subscriber,207,Mobile
SF_1134,61,MALE,USA,Free,128,Tablet
SF_1135,9,MALE,ITALY,Free,98,Desktop
SF_1136,14,FEMALE,CANADA,Subscriber,272,Tablet
SF_1137,22,MALE,UK,Subscriber,71,Smart TV
SF_1138,44,MALE,INDIA,Subscriber,317,Mobile
SF_1139,33,MALE,ITALY,Free,384,Tablet
SF_1140,31,FEMALE,INDIA,Free,331,Mobile
SF_1141,36,FEMALE,USA,Free,227,Tablet
SF_1142,52,MALE,INDIA,Free,369,Desktop
SF_1143,58,MALE,CANADA,Free,31,Mobile
SF_1144,26,MALE,USA,Free,405,Tablet
SF_1145,40,MALE,USA,Free,138,Smart TV
SF_1146,34,FEMALE,FRANCE,Free,251,Smart TV
SF_1147,63,MALE,INDIA,Free,448,Mobile
SF_1148,42,MALE,USA,Free,129,Tablet
SF_1149,36,MALE,CANADA,Free,345,Desktop
SF_1150,48,FEMALE,FRANCE,Free,133,Desktop
SF_1151,44,MALE,FRANCE,Free,380,Tablet
SF_1152,38,MALE,INDIA,Subscriber,268,Mobile
SF_1153,40,MALE,USA,Subscriber,254,Mobile
SF_1154,14,FEMALE,ITALY,Free,406,Desktop
SF_1155,26,MALE,ITALY,Free,358,Tablet
SF_1156,50,FEMALE,CANADA,Free,137,Mobile
SF_1157,42,MALE,FRANCE,Free,218,Desktop
SF_1158,24,FEMALE,FRANCE,Subscriber,412,Desktop
SF_1159,36,MALE,ITALY,Subscriber,63,Tablet
SF_1160,54,MALE,CANADA,Free,466,Tablet
SF_1161,45,MALE,CANADA,Subscriber,115,Tablet
SF_1162,59,FEMALE,INDIA,Free,127,Desktop
SF_1163,40,MALE,CANADA,Free,384,Desktop
SF_1164,45,FEMALE,FRANCE,Subscriber,256,Desktop
SF_1165,24,MALE,UK,Free,287,Mobile
SF_1166,29,MALE,UK,Subscriber,141,Mobile
SF_1167,12,FEMALE,ITALY,Subscriber,52,Desktop
SF_1168,12,FEMALE,INDIA,Subscriber,244,Desktop
SF_1169,34,MALE,ITALY,Free,133,Smart TV
SF_1170,11,MALE,CANADA,Subscriber,120,Desktop
SF_1171,9,MALE,UK,Free,218,Desktop
SF_1172,33,FEMALE,FRANCE,Free,433,Mobile
SF_1173,55,FEMALE,CANADA,Free,460,Smart TV
SF_1174,32,FEMALE,UK,Subscriber,112,Tablet
SF_1175,59,FEMALE,USA,Subscriber,225,Tablet
SF_1176,36,MALE,USA,Subscriber,276,Mobile
SF_1177,38,FEMALE,FRANCE,Free,299,Tablet
SF_1178,53,MALE,USA,Free,77,Mobile
SF_1179,50,MALE,CANADA,Subscriber,359,Mobile
SF_1180,59,FEMALE,FRANCE,Free,499,Smart TV
SF_1181,60,MALE,CANADA,Subscriber,481,Smart TV
SF_1182,12,MALE,FRANCE,Subscriber,392,Desktop
SF_1183,41,MALE,UK,Subscriber,467,Desktop
SF_1184,63,FEMALE,FRANCE,Subscriber,38,Tablet
SF_1185,18,FEMALE,ITALY,Free,14,Tablet
SF_1186,55,MALE,CANADA,Free,500,Smart TV
SF_1187,29,FEMALE,ITALY,Subscriber,254,Tablet
SF_1188,58,MALE,INDIA,Subscriber,119,Tablet
SF_1189,45,MALE,USA,Free,186,Smart TV
SF_1190,22,MALE,USA,Subscriber,472,Tablet
SF_1191,21,FEMALE,CANADA,Free,280,Smart TV
SF_1192,26,MALE,ITALY,Free,385,Smart TV
SF_1193,44,MALE,UK,Subscriber,132,Smart TV
SF_1194,37,FEMALE,USA,Free,77,Desktop
SF_1195,64,FEMALE,INDIA,Subscriber,158,Tablet
SF_1196,47,FEMALE,INDIA,Free,236,Mobile
SF_1197,62,MALE,UK,Free,470,Mobile
SF_1198,46,MALE,USA,Subscriber,374,Tablet
SF_1199,58,MALE,ITALY,Free,376,Mobile
SF_1200,34,MALE,CANADA,Subscriber,313,Mobile
SF_1201,39,MALE,ITALY,Free,64,Smart TV
SF_1202,16,MALE,INDIA,Subscriber,411,Tablet
SF_1203,12,FEMALE,USA,Free,130,Mobile
SF_1204,32,MALE,INDIA,Subscriber,83,Mobile
SF_1205,52,FEMALE,ITALY,Free,116,Mobile
SF_1206,20,FEMALE,USA,Subscriber,325,Mobile
SF_1207,21,MALE,UK,Free,496,Tablet
SF_1208,60,MALE,ITALY,Free,11,Mobile
SF_1209,25,MALE,CANADA,Subscriber,84,Desktop
SF_1210,10,MALE,USA,Free,146,Desktop
SF_1211,64,MALE,FRANCE,Free,327,Smart TV
SF_1212,42,FEMALE,INDIA,Free,325,Tablet
SF_1213,51,MALE,USA,Free,420,Smart TV
SF_1214,20,MALE,CANADA,Subscriber,26,Tablet
SF_1215,31,MALE,ITALY,Free,495,Mobile
SF_1216,35,MALE,ITALY,Subscriber,476,Desktop
SF_1217,39,MALE,CANADA,Free,384,Mobile
SF_1218,20,MALE,INDIA,Subscriber,286,Tablet
SF_1219,43,MALE,ITALY,Free,192,Desktop
SF_1220,25,MALE,UK,Subscriber,494,Mobile
SF_1221,57,MALE,UK,Free,358,Tablet
SF_1222,27,MALE,UK,Subscriber,39,Desktop
SF_1223,57,MALE,USA,Subscriber,355,Desktop
SF_1224,48,MALE,UK,Subscriber,143,Mobile
SF_1225,18,MALE,CANADA,Free,112,Smart TV
SF_1226,13,MALE,UK,Free,196,Mobile
SF_1227,55,MALE,CANADA,Subscriber,334,Desktop
SF_1228,21,MALE,CANADA,Subscriber,392,Mobile
SF_1229,29,FEMALE,INDIA,Subscriber,251,Tablet
SF_1230,10,MALE,UK,Subscriber,397,Mobile
SF_1231,60,MALE,CANADA,Free,234,Desktop
SF_1232,64,FEMALE,USA,Subscriber,450,Tablet
SF_1233,39,FEMALE,CANADA,Subscriber,500,Desktop
SF_1234,58,MALE,CANADA,Subscriber,46,Tablet
SF_1235,38,FEMALE,CANADA,Free,465,Mobile
SF_1236,20,FEMALE,INDIA,Free,168,Smart TV
SF_1237,44,MALE,INDIA,Free,292,Tablet
SF_1238,32,FEMALE,USA,Free,197,Mobile
SF_1239,22,FEMALE,FRANCE,Free,119,Desktop
SF_1240,26,FEMALE,FRANCE,Subscriber,162,Smart TV
SF_1241,52,MALE,ITALY,Free,16,Tablet
SF_1242,16,FEMALE,ITALY,Subscriber,76,Tablet
SF_1243,31,MALE,INDIA,Subscriber,459,Smart TV
SF_1244,49,MALE,UK,Subscriber,342,Smart TV
SF_1245,52,MALE,USA,Subscriber,90,Mobile
SF_1246,26,MALE,UK,Subscriber,244,Smart TV
SF_1247,41,MALE,USA,Free,333,Mobile
SF_1248,59,FEMALE,CANADA,Subscriber,327,Mobile
SF_1249,41,MALE,USA,Subscriber,145,Tablet
SF_1250,27,MALE,FRANCE,Subscriber,213,Smart TV
SF_1251,61,MALE,UK,Subscriber,135,Desktop
SF_1252,61,MALE,UK,Free,230,Desktop
SF_1253,51,FEMALE,USA,Free,194,Mobile
SF_1254,41,FEMALE,INDIA,Free,347,Tablet
SF_1255,23,MALE,FRANCE,Subscriber,170,Tablet
SF_1256,13,MALE,CANADA,Subscriber,41,Smart TV
SF_1257,17,FEMALE,UK,Free,422,Tablet
SF_1258,60,MALE,FRANCE,Subscriber,67,Desktop
SF_1259,13,MALE,USA,Subscriber,192,Desktop
SF_1260,35,MALE,UK,Free,450,Tablet
SF_1261,58,MALE,CANADA,Subscriber,188,Desktop
SF_1262,32,MALE,CANADA,Free,339,Mobile
SF_1263,32,MALE,ITALY,Subscriber,89,Mobile
SF_1264,55,MALE,INDIA,Free,77,Tablet
SF_1265,57,FEMALE,INDIA,Free,96,Desktop
SF_1266,41,MALE,INDIA,Free,63,Mobile
SF_1267,19,MALE,FRANCE,Subscriber,213,Mobile
SF_1268,37,MALE,FRANCE,Subscriber,171,Mobile
SF_1269,21,FEMALE,FRANCE,Subscriber,484,Smart TV
SF_1270,30,MALE,USA,Subscriber,343,Tablet
SF_1271,61,FEMALE,FRANCE,Free,158,Desktop
SF_1272,26,MALE,UK,Free,130,Mobile
SF_1273,63,MALE,USA,Free,164,Tablet
SF_1274,12,MALE,USA,Subscriber,195,Mobile
SF_1275,39,MALE,CANADA,Free,335,Tablet
SF_1276,31,MALE,CANADA,Free,275,Mobile
SF_1277,22,FEMALE,INDIA,Subscriber,69,Mobile
SF_1278,19,MALE,ITALY,Subscriber,54,Desktop
SF_1279,15,MALE,INDIA,Free,135,Tablet
SF_1280,50,MALE,UK,Subscriber,172,Tablet
SF_1281,36,MALE,CANADA,Free,237,Mobile
SF_1282,33,MALE,FRANCE,Free,425,Mobile
SF_1283,49,FEMALE,FRANCE,Subscriber,355,Smart TV
SF_1284,14,MALE,UK,Subscriber,374,Smart TV
SF_1285,52,MALE,ITALY,Subscriber,300,Smart TV
SF_1286,50,MALE,FRANCE,Free,369,Desktop
SF_1287,55,FEMALE,FRANCE,Subscriber,88,Desktop
SF_1288,65,FEMALE,ITALY,Free,93,Mobile
SF_1289,19,MALE,CANADA,Free,313,Mobile
SF_1290,36,MALE,CANADA,Free,469,Mobile
SF_1291,42,FEMALE,USA,Subscriber,187,Tablet
SF_1292,13,MALE,INDIA,Subscriber,331,Mobile
SF_1293,53,MALE,UK,Subscriber,418,Tablet
SF_1294,29,FEMALE,FRANCE,Free,272,Desktop
SF_1295,51,FEMALE,ITALY,Free,33,Smart TV
SF_1296,19,MALE,INDIA,Free,497,Smart TV
SF_1297,30,MALE,USA,Free,386,Tablet
SF_1298,43,MALE,UK,Subscriber,71,Mobile
SF_1299,24,MALE,USA,Free,266,Desktop
SF_1300,10,MALE,FRANCE,Free,216,Smart TV
SF_1301,26,FEMALE,FRANCE,Subscriber,421,Mobile
SF_1302,24,MALE,CANADA,Subscriber,103,Tablet
SF_1303,26,MALE,CANADA,Free,138,Desktop
SF_1304,37,MALE,CANADA,Free,151,Smart TV
SF_1305,37,MALE,ITALY,Free,218,Smart TV
SF_1306,33,MALE,UK,Free,438,Mobile
SF_1307,27,MALE,CANADA,Free,172,Mobile
SF_1308,45,MALE,CANADA,Subscriber,462,Smart TV
SF_1309,22,MALE,CANADA,Subscriber,216,Smart TV
SF_1310,48,MALE,INDIA,Free,300,Smart TV
SF_1311,22,MALE,CANADA,Free,50,Mobile
SF_1312,13,MALE,INDIA,Free,318,Tablet
SF_1313,26,MALE,INDIA,Subscriber,138,Smart TV
SF_1314,54,FEMALE,UK,Subscriber,374,Smart TV
SF_1315,14,MALE,UK,Subscriber,472,Tablet
SF_1316,27,MALE,FRANCE,Free,64,Mobile
SF_1317,20,MALE,ITALY,Free,114,Mobile
SF_1318,19,MALE,FRANCE,Free,143,Mobile
SF_1319,10,FEMALE,CANADA,Subscriber,109,Tablet
SF_1320,24,MALE,CANADA,Free,44,Mobile
SF_1321,36,FEMALE,INDIA,Free,366,Tablet
SF_1322,10,MALE,CANADA,Subscriber,396,Desktop
SF_1323,54,FEMALE,INDIA,Subscriber,260,Smart TV
SF_1324,31,MALE,UK,Subscriber,324,Tablet
SF_1325,55,MALE,CANADA,Free,348,Desktop
SF_1326,59,FEMALE,FRANCE,Free,355,Tablet
SF_1327,26,MALE,INDIA,Subscriber,226,Tablet
SF_1328,49,MALE,USA,Subscriber,475,Tablet
SF_1329,51,MALE,ITALY,Subscriber,249,Tablet
SF_1330,41,MALE,INDIA,Free,306,Tablet
SF_1331,19,MALE,USA,Subscriber,110,Desktop
SF_1332,33,MALE,UK,Subscriber,328,Smart TV
SF_1333,11,MALE,FRANCE,Subscriber,175,Desktop
SF_1334,50,MALE,INDIA,Free,201,Mobile
SF_1335,37,MALE,ITALY,Free,445,Smart TV
SF_1336,40,FEMALE,USA,Subscriber,361,Desktop
SF_1337,46,MALE,UK,Free,54,Desktop
SF_1338,56,MALE,UK,Free,20,Tablet
SF_1339,62,MALE,ITALY,Free,120,Tablet
SF_1340,26,MALE,ITALY,Subscriber,338,Mobile
SF_1341,58,MALE,INDIA,Subscriber,117,Mobile
SF_1342,55,MALE,UK,Subscriber,90,Tablet
SF_1343,19,MALE,INDIA,Free,39,Desktop
SF_1344,43,FEMALE,CANADA,Free,121,Desktop
SF_1345,57,FEMALE,INDIA,Subscriber,341,Desktop
SF_1346,11,MALE,INDIA,Subscriber,224,Desktop
SF_1347,44,FEMALE,CANADA,Free,171,Mobile
SF_1348,45,FEMALE,FRANCE,Subscriber,24,Smart TV
SF_1349,19,MALE,CANADA,Free,359,Desktop
SF_1350,65,FEMALE,USA,Free,367,Desktop
SF_1351,31,FEMALE,FRANCE,Free,379,Smart TV
SF_1352,39,MALE,UK,Free,244,Tablet
SF_1353,41,MALE,INDIA,Subscriber,222,Mobile
SF_1354,48,FEMALE,UK,Free,78,Mobile
SF_1355,62,FEMALE,INDIA,Subscriber,272,Tablet
SF_1356,21,FEMALE,CANADA,Subscriber,167,Smart TV
SF_1357,51,MALE,ITALY,Subscriber,173,Smart TV
SF_1358,44,MALE,UK,Subscriber,94,Desktop
SF_1359,30,MALE,ITALY,Free,319,Tablet
SF_1360,60,MALE,UK,Subscriber,459,Smart TV
SF_1361,46,FEMALE,ITALY,Subscriber,397,Tablet
SF_1362,37,MALE,ITALY,Subscriber,136,Smart TV
SF_1363,28,MALE,UK,Free,493,Desktop
SF_1364,49,FEMALE,INDIA,Free,76,Desktop
SF_1365,21,FEMALE,FRANCE,Subscriber,80,Desktop
SF_1366,21,MALE,ITALY,Subscriber,213,Mobile
SF_1367,49,MALE,INDIA,Subscriber,430,Desktop
SF_1368,35,FEMALE,FRANCE,Free,75,Desktop
SF_1369,33,MALE,CANADA,Subscriber,326,Desktop
SF_1370,44,MALE,INDIA,Subscriber,330,Mobile
SF_1371,59,FEMALE,FRANCE,Subscriber,52,Mobile
SF_1372,64,MALE,CANADA,Free,180,Smart TV
SF_1373,61,FEMALE,INDIA,Subscriber,302,Mobile
SF_1374,48,MALE,CANADA,Free,350,Smart TV
SF_1375,33,FEMALE,FRANCE,Free,341,Smart TV
SF_1376,36,FEMALE,USA,Free,14,Tablet
SF_1377,36,MALE,FRANCE,Free,57,Mobile
SF_1378,38,FEMALE,INDIA,Free,240,Mobile
SF_1379,33,FEMALE,CANADA,Free,188,Desktop
SF_1380,38,MALE,ITALY,Free,498,Smart TV
SF_1381,18,MALE,FRANCE,Subscriber,405,Mobile
SF_1382,25,FEMALE,USA,Subscriber,257,Tablet
SF_1383,44,FEMALE,FRANCE,Subscriber,365,Desktop
SF_1384,21,MALE,USA,Subscriber,107,Mobile
SF_1385,19,FEMALE,USA,Subscriber,180,Mobile
SF_1386,19,FEMALE,ITALY,Free,245,Tablet
SF_1387,10,FEMALE,FRANCE,Free,73,Tablet
SF_1388,15,MALE,FRANCE,Subscriber,364,Mobile
SF_1389,18,MALE,CANADA,Free,139,Tablet
SF_1390,30,MALE,USA,Subscriber,164,Smart TV
SF_1391,23,MALE,FRANCE,Free,248,Desktop
SF_1392,43,MALE,USA,Subscriber,213,Desktop
SF_1393,25,MALE,INDIA,Subscriber,370,Smart TV
SF_1394,59,FEMALE,CANADA,Free,126,Desktop
SF_1395,46,MALE,USA,Free,113,Smart TV
SF_1396,48,FEMALE,FRANCE,Free,325,Smart TV
SF_1397,64,MALE,ITALY,Subscriber,66,Smart TV
SF_1398,29,FEMALE,CANADA,Subscriber,385,Tablet
SF_1399,57,MALE,INDIA,Free,373,Tablet
SF_1400,57,MALE,ITALY,Subscriber,381,Desktop
SF_1401,27,FEMALE,INDIA,Subscriber,30,Tablet
SF_1402,43,MALE,UK,Subscriber,45,Desktop
SF_1403,43,FEMALE,FRANCE,Free,209,Mobile
SF_1404,26,MALE,USA,Free,368,Smart TV
SF_1405,45,MALE,UK,Free,306,Tablet
SF_1406,57,MALE,CANADA,Free,131,Desktop
SF_1407,34,FEMALE,USA,Subscriber,94,Mobile
SF_1408,65,MALE,UK,Free,254,Desktop
SF_1409,46,MALE,UK,Free,414,Smart TV
SF_1410,61,MALE,USA,Subscriber,117,Tablet
SF_1411,50,MALE,INDIA,Free,133,Smart TV
SF_1412,27,MALE,UK,Subscriber,29,Mobile
SF_1413,48,MALE,CANADA,Subscriber,43,Desktop
SF_1414,32,MALE,UK,Free,468,Mobile
SF_1415,56,MALE,USA,Free,190,Tablet
SF_1416,64,MALE,ITALY,Free,456,Smart TV
SF_1417,51,MALE,ITALY,Subscriber,229,Mobile
SF_1418,37,MALE,UK,Subscriber,389,Tablet
SF_1419,10,FEMALE,USA,Subscriber,226,Tablet
SF_1420,32,MALE,CANADA,Free,13,Mobile
SF_1421,18,FEMALE,USA,Subscriber,377,Smart TV
SF_1422,22,MALE,CANADA,Subscriber,27,Smart TV
SF_1423,34,MALE,INDIA,Subscriber,332,Smart TV
SF_1424,18,MALE,FRANCE,Subscriber,496,Smart TV
SF_1425,33,MALE,ITALY,Free,386,Desktop
SF_1426,23,MALE,INDIA,Free,150,Smart TV
SF_1427,12,MALE,UK,Subscriber,414,Desktop
SF_1428,14,FEMALE,INDIA,Subscriber,56,Desktop
SF_1429,27,FEMALE,CANADA,Free,186,Tablet
SF_1430,54,MALE,USA,Free,94,Tablet
SF_1431,13,MALE,CANADA,Free,235,Mobile
SF_1432,36,MALE,CANADA,Free,33,Smart TV
SF_1433,40,FEMALE,USA,Subscriber,393,Mobile
SF_1434,62,FEMALE,FRANCE,Subscriber,485,Tablet
SF_1435,44,MALE,ITALY,Subscriber,248,Smart TV
SF_1436,54,FEMALE,UK,Free,52,Smart TV
SF_1437,57,MALE,FRANCE,Free,318,Mobile
SF_1438,18,MALE,USA,Subscriber,325,Smart TV
SF_1439,40,MALE,FRANCE,Subscriber,399,Desktop
SF_1440,12,MALE,CANADA,Free,99,Mobile
SF_1441,34,MALE,FRANCE,Free,204,Mobile
SF_1442,25,MALE,USA,Free,91,Desktop
SF_1443,38,MALE,CANADA,Subscriber,351,Desktop
SF_1444,11,FEMALE,UK,Subscriber,115,Smart TV
SF_1445,34,MALE,CANADA,Subscriber,341,Desktop
SF_1446,55,MALE,INDIA,Subscriber,428,Tablet
SF_1447,45,MALE,USA,Free,106,Mobile
SF_1448,20,FEMALE,ITALY,Free,425,Smart TV
SF_1449,44,MALE,FRANCE,Subscriber,252,Smart TV
SF_1450,34,MALE,UK,Subscriber,381,Smart TV
SF_1451,20,MALE,CANADA,Free,124,Mobile
SF_1452,20,FEMALE,ITALY,Free,388,Smart TV
SF_1453,61,MALE,ITALY,Free,304,Tablet
SF_1454,21,MALE,INDIA,Subscriber,208,Mobile
SF_1455,37,FEMALE,ITALY,Free,423,Tablet
SF_1456,65,MALE,CANADA,Subscriber,460,Tablet
SF_1457,10,MALE,ITALY,Subscriber,456,Tablet
SF_1458,58,MALE,INDIA,Free,55,Tablet
SF_1459,32,FEMALE,INDIA,Subscriber,333,Smart TV
SF_1460,60,FEMALE,USA,Subscriber,278,Mobile
SF_1461,19,FEMALE,FRANCE,Subscriber,267,Smart TV
SF_1462,34,MALE,ITALY,Subscriber,392,Desktop
SF_1463,52,MALE,FRANCE,Subscriber,163,Desktop
SF_1464,62,MALE,CANADA,Free,345,Desktop
SF_1465,28,MALE,INDIA,Free,436,Tablet
SF_1466,15,MALE,INDIA,Free,123,Smart TV
SF_1467,26,MALE,UK,Free,456,Mobile
SF_1468,30,MALE,ITALY,Free,199,Smart TV
SF_1469,10,MALE,FRANCE,Free,192,Tablet
SF_1470,47,MALE,CANADA,Subscriber,413,Smart TV
SF_1471,14,MALE,ITALY,Free,432,Desktop
SF_1472,50,MALE,USA,Subscriber,221,Tablet
SF_1473,31,MALE,UK,Subscriber,419,Mobile
SF_1474,37,MALE,UK,Subscriber,307,Mobile
SF_1475,45,FEMALE,UK,Subscriber,432,Smart TV
SF_1476,36,FEMALE,ITALY,Free,428,Tablet
SF_1477,26,FEMALE,FRANCE,Subscriber,361,Mobile
SF_1478,39,MALE,INDIA,Subscriber,368,Tablet
SF_1479,57,FEMALE,INDIA,Subscriber,200,Smart TV
SF_1480,59,MALE,ITALY,Subscriber,213,Smart TV
SF_1481,31,MALE,ITALY,Subscriber,267,Tablet
SF_1482,14,MALE,USA,Subscriber,85,Smart TV
SF_1483,21,MALE,FRANCE,Free,395,Smart TV
SF_1484,9,MALE,ITALY,Free,254,Smart TV
SF_1485,54,FEMALE,INDIA,Subscriber,384,Tablet
SF_1486,65,MALE,UK,Subscriber,257,Desktop
SF_1487,36,MALE,INDIA,Free,43,Mobile
SF_1488,37,MALE,CANADA,Free,66,Tablet
SF_1489,29,FEMALE,INDIA,Free,480,Smart TV
SF_1490,65,MALE,FRANCE,Free,213,Smart TV
SF_1491,53,MALE,ITALY,Free,179,Desktop
SF_1492,24,MALE,CANADA,Free,65,Mobile
SF_1493,56,FEMALE,CANADA,Subscriber,467,Desktop
SF_1494,61,MALE,ITALY,Free,174,Smart TV
SF_1495,20,MALE,ITALY,Subscriber,307,Desktop
SF_1496,58,MALE,FRANCE,Free,253,Smart TV
SF_1497,60,MALE,CANADA,Subscriber,499,Tablet
SF_1498,61,MALE,ITALY,Free,151,Desktop
SF_1499,53,MALE,ITALY,Free,86,Mobile
SF_1500,38,MALE,INDIA,Free,81,Tablet
SF_1501,52,MALE,UK,Free,182,Smart TV
SF_1502,49,MALE,FRANCE,Free,135,Smart TV
SF_1503,24,MALE,CANADA,Free,337,Mobile
SF_1504,54,MALE,ITALY,Subscriber,249,Tablet
SF_1505,22,MALE,FRANCE,Free,157,Desktop
SF_1506,33,MALE,FRANCE,Free,216,Mobile
SF_1507,61,MALE,INDIA,Subscriber,473,Smart TV
SF_1508,58,FEMALE,INDIA,Subscriber,455,Tablet
SF_1509,51,MALE,CANADA,Subscriber,394,Smart TV
SF_1510,58,FEMALE,INDIA,Free,218,Smart TV
SF_1511,55,MALE,FRANCE,Free,193,Smart TV
SF_1512,65,MALE,USA,Free,367,Desktop
SF_1513,20,FEMALE,FRANCE,Free,492,Tablet
SF_1514,41,MALE,INDIA,Subscriber,11,Desktop
SF_1515,29,MALE,CANADA,Subscriber,264,Tablet
SF_1516,14,FEMALE,INDIA,Subscriber,323,Mobile
SF_1517,28,MALE,UK,Subscriber,177,Tablet
SF_1518,44,MALE,FRANCE,Subscriber,464,Mobile
SF_1519,35,MALE,INDIA,Free,120,Tablet
SF_1520,34,MALE,FRANCE,Free,61,Smart TV
SF_1521,25,FEMALE,ITALY,Subscriber,219,Tablet
SF_1522,41,MALE,UK,Subscriber,382,Mobile
SF_1523,21,MALE,UK,Subscriber,301,Mobile
SF_1524,12,MALE,ITALY,Free,68,Mobile
SF_1525,65,FEMALE,USA,Free,276,Mobile
SF_1526,21,MALE,CANADA,Free,126,Desktop
SF_1527,12,MALE,FRANCE,Free,394,Tablet
SF_1528,44,MALE,CANADA,Subscriber,82,Mobile
SF_1529,25,MALE,INDIA,Free,205,Tablet
SF_1530,11,MALE,INDIA,Subscriber,39,Desktop
SF_1531,10,MALE,USA,Subscriber,108,Mobile
SF_1532,16,MALE,INDIA,Subscriber,77,Smart TV
SF_1533,14,MALE,UK,Free,108,Desktop
SF_1534,52,MALE,ITALY,Free,337,Smart TV
SF_1535,55,FEMALE,USA,Free,124,Mobile
SF_1536,22,FEMALE,UK,Subscriber,317,Tablet
SF_1537,52,MALE,USA,Free,150,Smart TV
SF_1538,30,MALE,UK,Free,452,Smart TV
SF_1539,63,MALE,UK,Subscriber,16,Smart TV
SF_1540,27,MALE,CANADA,Free,309,Desktop
SF_1541,45,MALE,INDIA,Subscriber,367,Tablet
SF_1542,41,MALE,USA,Subscriber,111,Desktop
SF_1543,10,MALE,UK,Subscriber,307,Mobile
SF_1544,16,MALE,CANADA,Free,218,Smart TV
SF_1545,19,MALE,INDIA,Free,56,Desktop
SF_1546,43,MALE,UK,Free,180,Tablet
SF_1547,62,MALE,ITALY,Subscriber,42,Mobile
SF_1548,58,MALE,INDIA,Subscriber,216,Smart TV
SF_1549,27,MALE,UK,Subscriber,316,Desktop
SF_1550,63,MALE,FRANCE,Subscriber,146,Desktop
SF_1551,10,MALE,INDIA,Free,42,Desktop
SF_1552,26,MALE,CANADA,Free,248,Mobile
SF_1553,44,FEMALE,INDIA,Free,402,Desktop
SF_1554,64,FEMALE,USA,Subscriber,442,Tablet
SF_1555,43,FEMALE,INDIA,Subscriber,376,Smart TV
SF_1556,58,MALE,CANADA,Subscriber,189,Smart TV
SF_1557,23,FEMALE,INDIA,Free,333,Tablet
SF_1558,37,MALE,UK,Subscriber,460,Smart TV
SF_1559,56,MALE,USA,Free,431,Tablet
SF_1560,24,FEMALE,USA,Subscriber,117,Smart TV
SF_1561,51,FEMALE,UK,Subscriber,85,Desktop
SF_1562,36,MALE,FRANCE,Free,279,Mobile
SF_1563,9,FEMALE,ITALY,Free,260,Mobile
SF_1564,42,MALE,FRANCE,Subscriber,142,Desktop
SF_1565,35,MALE,INDIA,Free,99,Mobile
SF_1566,57,MALE,FRANCE,Subscriber,13,Mobile
SF_1567,62,MALE,CANADA,Free,29,Smart TV
SF_1568,46,FEMALE,USA,Subscriber,451,Smart TV
SF_1569,25,FEMALE,CANADA,Subscriber,306,Desktop
SF_1570,39,MALE,UK,Free,472,Desktop
SF_1571,46,MALE,USA,Subscriber,221,Tablet
SF_1572,28,FEMALE,INDIA,Free,338,Desktop
SF_1573,61,MALE,FRANCE,Subscriber,69,Mobile
SF_1574,17,MALE,ITALY,Free,94,Mobile
SF_1575,26,FEMALE,CANADA,Subscriber,164,Tablet
SF_1576,43,FEMALE,USA,Free,378,Smart TV
SF_1577,60,MALE,UK,Free,372,Mobile
SF_1578,39,MALE,CANADA,Subscriber,285,Desktop
SF_1579,59,MALE,USA,Subscriber,83,Mobile
SF_1580,38,FEMALE,FRANCE,Free,499,Smart TV
SF_1581,18,FEMALE,UK,Subscriber,35,Smart TV
SF_1582,16,MALE,INDIA,Free,17,Desktop
SF_1583,36,MALE,UK,Free,154,Mobile
SF_1584,38,MALE,UK,Subscriber,392,Smart TV
SF_1585,28,MALE,ITALY,Subscriber,137,Tablet
SF_1586,33,MALE,ITALY,Free,139,Tablet
SF_1587,44,FEMALE,CANADA,Free,364,Smart TV
SF_1588,9,MALE,UK,Free,79,Mobile
SF_1589,64,MALE,USA,Subscriber,195,Mobile
SF_1590,27,MALE,USA,Subscriber,182,Mobile
SF_1591,35,MALE,ITALY,Subscriber,226,Tablet
SF_1592,27,MALE,UK,Free,289,Smart TV
SF_1593,11,MALE,CANADA,Subscriber,233,Desktop
SF_1594,31,FEMALE,USA,Free,395,Smart TV
SF_1595,11,MALE,USA,Subscriber,303,Desktop
SF_1596,24,FEMALE,ITALY,Free,273,Mobile
SF_1597,29,MALE,CANADA,Subscriber,345,Smart TV
SF_1598,9,MALE,CANADA,Subscriber,169,Mobile
SF_1599,53,MALE,FRANCE,Subscriber,477,Smart TV
SF_1600,53,MALE,USA,Subscriber,420,Mobile
SF_1601,40,MALE,UK,Free,458,Mobile
SF_1602,59,FEMALE,USA,Subscriber,95,Desktop
SF_1603,52,FEMALE,USA,Free,346,Tablet
SF_1604,58,MALE,ITALY,Free,82,Smart TV
SF_1605,38,FEMALE,USA,Free,277,Desktop
SF_1606,44,FEMALE,USA,Subscriber,397,Desktop
SF_1607,55,MALE,UK,Free,397,Mobile
SF_1608,23,MALE,USA,Free,224,Mobile
SF_1609,64,FEMALE,USA,Free,200,Desktop
SF_1610,43,MALE,ITALY,Subscriber,34,Desktop
SF_1611,51,MALE,FRANCE,Free,438,Tablet
SF_1612,12,MALE,FRANCE,Subscriber,105,Mobile
SF_1613,63,MALE,USA,Free,352,Mobile
SF_1614,44,MALE,CANADA,Subscriber,123,Tablet
SF_1615,55,FEMALE,ITALY,Free,14,Smart TV
SF_1616,48,MALE,CANADA,Free,439,Tablet
SF_1617,28,MALE,INDIA,Free,321,Mobile
SF_1618,17,MALE,CANADA,Free,312,Mobile
SF_1619,36,MALE,FRANCE,Free,279,Smart TV
SF_1620,57,MALE,INDIA,Subscriber,238,Mobile
SF_1621,59,MALE,CANADA,Subscriber,248,Smart TV
SF_1622,32,MALE,FRANCE,Free,324,Smart TV
SF_1623,22,MALE,UK,Subscriber,98,Desktop
SF_1624,43,MALE,INDIA,Free,137,Mobile
SF_1625,30,MALE,FRANCE,Subscriber,13,Desktop
SF_1626,53,MALE,CANADA,Free,310,Mobile
SF_1627,19,MALE,INDIA,Free,94,Smart TV
SF_1628,22,MALE,INDIA,Free,166,Mobile
SF_1629,63,MALE,ITALY,Subscriber,420,Tablet
SF_1630,36,MALE,CANADA,Subscriber,292,Desktop
SF_1631,12,FEMALE,ITALY,Subscriber,239,Mobile
SF_1632,28,MALE,INDIA,Subscriber,166,Mobile
SF_1633,44,FEMALE,INDIA,Subscriber,451,Mobile
SF_1634,63,FEMALE,UK,Subscriber,136,Mobile
SF_1635,53,MALE,USA,Free,104,Smart TV
SF_1636,48,FEMALE,INDIA,Subscriber,450,Mobile
SF_1637,62,MALE,UK,Free,156,Smart TV
SF_1638,19,FEMALE,UK,Subscriber,184,Smart TV
SF_1639,24,MALE,ITALY,Free,118,Mobile
SF_1640,12,MALE,USA,Free,83,Desktop
SF_1641,30,MALE,USA,Free,147,Smart TV
SF_1642,60,MALE,CANADA,Free,175,Smart TV
SF_1643,55,MALE,UK,Free,324,Tablet
SF_1644,42,MALE,ITALY,Subscriber,347,Smart TV
SF_1645,22,FEMALE,UK,Subscriber,359,Mobile
SF_1646,53,MALE,ITALY,Subscriber,152,Tablet
SF_1647,50,MALE,USA,Subscriber,415,Tablet
SF_1648,35,MALE,UK,Free,345,Smart TV
SF_1649,54,MALE,ITALY,Subscriber,90,Smart TV
SF_1650,52,MALE,UK,Subscriber,288,Desktop
SF_1651,21,MALE,FRANCE,Subscriber,26,Desktop
SF_1652,14,MALE,UK,Subscriber,289,Desktop
SF_1653,58,MALE,USA,Free,142,Tablet
SF_1654,38,FEMALE,ITALY,Subscriber,117,Mobile
SF_1655,24,MALE,UK,Subscriber,102,Tablet
SF_1656,9,MALE,INDIA,Subscriber,93,Desktop
SF_1657,28,FEMALE,CANADA,Subscriber,383,Smart TV
SF_1658,62,FEMALE,UK,Subscriber,466,Desktop
SF_1659,61,FEMALE,ITALY,Free,107,Smart TV
SF_1660,12,FEMALE,UK,Subscriber,140,Tablet
SF_1661,65,MALE,ITALY,Free,87,Smart TV
SF_1662,45,MALE,ITALY,Subscriber,341,Mobile
SF_1663,57,MALE,FRANCE,Free,310,Desktop
SF_1664,51,FEMALE,UK,Subscriber,355,Mobile
SF_1665,30,MALE,FRANCE,Free,346,Mobile
SF_1666,38,MALE,FRANCE,Free,43,Smart TV
SF_1667,37,MALE,INDIA,Free,241,Desktop
SF_1668,46,MALE,INDIA,Subscriber,252,Tablet
SF_1669,51,FEMALE,ITALY,Free,15,Smart TV
SF_1670,52,FEMALE,INDIA,Subscriber,320,Smart TV
SF_1671,27,MALE,UK,Free,399,Mobile
SF_1672,54,MALE,INDIA,Free,319,Smart TV
SF_1673,17,MALE,UK,Subscriber,26,Tablet
SF_1674,31,MALE,USA,Free,87,Smart TV
SF_1675,30,FEMALE,CANADA,Subscriber,49,Tablet
SF_1676,10,MALE,UK,Subscriber,445,Mobile
SF_1677,61,MALE,USA,Subscriber,470,Desktop
SF_1678,49,FEMALE,ITALY,Free,282,Tablet
SF_1679,45,MALE,INDIA,Subscriber,423,Tablet
SF_1680,16,MALE,UK,Free,334,Smart TV
SF_1681,22,MALE,USA,Subscriber,345,Tablet
SF_1682,42,MALE,ITALY,Subscriber,333,Smart TV
SF_1683,14,FEMALE,USA,Subscriber,367,Tablet
SF_1684,41,MALE,INDIA,Subscriber,482,Mobile
SF_1685,30,MALE,FRANCE,Free,118,Mobile
SF_1686,60,MALE,UK,Free,326,Mobile
SF_1687,62,MALE,UK,Subscriber,74,Desktop
SF_1688,31,FEMALE,FRANCE,Free,459,Smart TV
SF_1689,48,MALE,ITALY,Free,80,Tablet
SF_1690,63,MALE,CANADA,Subscriber,69,Mobile
SF_1691,45,FEMALE,FRANCE,Free,290,Desktop
SF_1692,11,MALE,USA,Subscriber,246,Smart TV
SF_1693,62,MALE,UK,Free,27,Tablet
SF_1694,44,MALE,UK,Subscriber,466,Smart TV
SF_1695,44,MALE,ITALY,Free,113,Tablet
SF_1696,61,MALE,FRANCE,Free,297,Desktop
SF_1697,30,FEMALE,INDIA,Free,440,Mobile
SF_1698,39,MALE,CANADA,Free,144,Desktop
SF_1699,15,FEMALE,CANADA,Subscriber,349,Desktop
SF_1700,40,MALE,FRANCE,Free,86,Tablet
SF_1701,56,FEMALE,USA,Free,156,Smart TV
SF_1702,35,MALE,INDIA,Subscriber,359,Desktop
SF_1703,63,MALE,ITALY,Free,278,Desktop
SF_1704,63,MALE,FRANCE,Free,377,Mobile
SF_1705,48,FEMALE,FRANCE,Subscriber,291,Mobile
SF_1706,65,MALE,INDIA,Subscriber,215,Tablet
SF_1707,56,MALE,CANADA,Free,49,Tablet
SF_1708,12,MALE,INDIA,Free,102,Smart TV
SF_1709,48,MALE,USA,Free,198,Mobile
SF_1710,64,MALE,INDIA,Free,32,Smart TV
SF_1711,14,FEMALE,CANADA,Subscriber,295,Desktop
SF_1712,16,MALE,USA,Free,473,Tablet
SF_1713,26,MALE,ITALY,Subscriber,103,Tablet
SF_1714,26,MALE,UK,Free,208,Mobile
SF_1715,65,MALE,FRANCE,Free,340,Mobile
SF_1716,17,MALE,UK,Free,142,Tablet
SF_1717,63,FEMALE,UK,Subscriber,498,Mobile
SF_1718,52,MALE,ITALY,Subscriber,368,Smart TV
SF_1719,13,MALE,INDIA,Free,383,Smart TV
SF_1720,44,MALE,CANADA,Free,42,Mobile
SF_1721,50,MALE,INDIA,Subscriber,275,Smart TV
SF_1722,24,MALE,USA,Free,214,Desktop
SF_1723,47,MALE,INDIA,Free,404,Desktop
SF_1724,44,MALE,UK,Subscriber,260,Smart TV
SF_1725,62,MALE,UK,Subscriber,21,Smart TV
SF_1726,49,MALE,UK,Free,378,Tablet
SF_1727,25,MALE,UK,Free,73,Smart TV
SF_1728,13,MALE,INDIA,Free,110,Smart TV
SF_1729,57,MALE,UK,Free,449,Desktop
SF_1730,49,FEMALE,USA,Free,160,Desktop
SF_1731,51,FEMALE,CANADA,Subscriber,113,Mobile
SF_1732,22,MALE,UK,Subscriber,325,Desktop
SF_1733,28,MALE,FRANCE,Subscriber,462,Mobile
SF_1734,58,MALE,FRANCE,Subscriber,167,Tablet
SF_1735,51,MALE,FRANCE,Free,328,Smart TV
SF_1736,27,MALE,CANADA,Free,19,Mobile
SF_1737,26,MALE,ITALY,Subscriber,217,Tablet
SF_1738,22,MALE,ITALY,Subscriber,371,Tablet
SF_1739,15,MALE,INDIA,Free,410,Smart TV
SF_1740,34,MALE,ITALY,Free,397,Desktop
SF_1741,39,MALE,CANADA,Subscriber,294,Desktop
SF_1742,29,MALE,CANADA,Free,256,Tablet
SF_1743,55,MALE,ITALY,Subscriber,208,Mobile
SF_1744,45,MALE,CANADA,Subscriber,81,Smart TV
SF_1745,22,MALE,INDIA,Free,125,Desktop
SF_1746,24,MALE,ITALY,Free,416,Mobile
SF_1747,18,MALE,UK,Subscriber,395,Smart TV
SF_1748,50,MALE,ITALY,Free,151,Tablet
SF_1749,26,MALE,ITALY,Free,102,Desktop
SF_1750,31,MALE,ITALY,Free,131,Tablet
SF_1751,47,MALE,UK,Subscriber,498,Mobile
SF_1752,51,MALE,INDIA,Free,397,Mobile
SF_1753,24,MALE,INDIA,Free,40,Smart TV
SF_1754,18,MALE,CANADA,Subscriber,100,Mobile
SF_1755,9,FEMALE,UK,Free,308,Smart TV
SF_1756,26,FEMALE,USA,Subscriber,245,Desktop
SF_1757,47,MALE,FRANCE,Free,412,Tablet
SF_1758,29,FEMALE,USA,Free,348,Smart TV
SF_1759,10,MALE,USA,Subscriber,205,Desktop
SF_1760,65,FEMALE,UK,Free,467,Tablet
SF_1761,38,MALE,ITALY,Free,26,Mobile
SF_1762,46,MALE,ITALY,Free,293,Mobile
SF_1763,46,MALE,INDIA,Subscriber,267,Mobile
SF_1764,28,MALE,CANADA,Subscriber,361,Mobile
SF_1765,52,MALE,ITALY,Free,72,Desktop
SF_1766,26,FEMALE,CANADA,Free,361,Tablet
SF_1767,28,MALE,CANADA,Subscriber,341,Desktop
SF_1768,56,MALE,ITALY,Subscriber,255,Mobile
SF_1769,33,MALE,USA,Free,439,Tablet
SF_1770,64,MALE,UK,Subscriber,212,Desktop
SF_1771,44,MALE,CANADA,Subscriber,374,Tablet
SF_1772,12,MALE,USA,Free,351,Desktop
SF_1773,50,MALE,ITALY,Subscriber,488,Mobile
SF_1774,10,MALE,UK,Free,164,Tablet
SF_1775,60,MALE,CANADA,Subscriber,191,Mobile
SF_1776,21,MALE,CANADA,Free,466,Smart TV
SF_1777,21,MALE,UK,Free,387,Tablet
SF_1778,31,MALE,INDIA,Free,149,Desktop
SF_1779,34,MALE,FRANCE,Free,478,Mobile
SF_1780,55,MALE,INDIA,Subscriber,73,Tablet
SF_1781,57,FEMALE,UK,Free,153,Mobile
SF_1782,42,MALE,FRANCE,Subscriber,480,Desktop
SF_1783,48,MALE,UK,Subscriber,59,Smart TV
SF_1784,42,MALE,ITALY,Subscriber,73,Desktop
SF_1785,60,MALE,FRANCE,Subscriber,86,Desktop
SF_1786,58,MALE,USA,Subscriber,320,Desktop
SF_1787,52,MALE,FRANCE,Subscriber,370,Desktop
SF_1788,40,MALE,INDIA,Free,390,Smart TV
SF_1789,10,MALE,USA,Subscriber,25,Smart TV
SF_1790,45,MALE,CANADA,Subscriber,449,Tablet
SF_1791,48,MALE,ITALY,Subscriber,69,Desktop
SF_1792,36,FEMALE,USA,Subscriber,414,Desktop
SF_1793,60,MALE,UK,Subscriber,189,Mobile
SF_1794,49,MALE,UK,Free,309,Smart TV
SF_1795,40,MALE,USA,Free,101,Mobile
SF_1796,12,MALE,FRANCE,Free,141,Tablet
SF_1797,26,MALE,CANADA,Subscriber,398,Tablet
SF_1798,35,MALE,USA,Subscriber,286,Tablet
SF_1799,34,MALE,INDIA,Free,489,Tablet
SF_1800,34,MALE,CANADA,Subscriber,297,Desktop
SF_1801,48,FEMALE,UK,Free,148,Tablet
SF_1802,30,MALE,USA,Free,386,Smart TV
SF_1803,20,MALE,CANADA,Subscriber,52,Desktop
SF_1804,38,MALE,FRANCE,Subscriber,462,Desktop
SF_1805,24,MALE,FRANCE,Subscriber,488,Desktop
SF_1806,20,MALE,INDIA,Subscriber,249,Mobile
SF_1807,60,MALE,USA,Free,270,Tablet
SF_1808,19,FEMALE,INDIA,Free,198,Smart TV
SF_1809,61,FEMALE,USA,Subscriber,152,Mobile
SF_1810,54,MALE,ITALY,Free,457,Mobile
SF_1811,46,MALE,ITALY,Subscriber,407,Mobile
SF_1812,51,FEMALE,CANADA,Free,156,Desktop
SF_1813,39,FEMALE,FRANCE,Subscriber,159,Desktop
SF_1814,64,MALE,USA,Subscriber,246,Desktop
SF_1815,40,MALE,INDIA,Subscriber,380,Tablet
SF_1816,44,FEMALE,INDIA,Subscriber,365,Mobile
SF_1817,30,MALE,FRANCE,Subscriber,120,Smart TV
SF_1818,16,MALE,ITALY,Subscriber,81,Desktop
SF_1819,17,FEMALE,CANADA,Subscriber,128,Smart TV
SF_1820,43,MALE,USA,Subscriber,183,Desktop
SF_1821,13,MALE,FRANCE,Free,445,Tablet
SF_1822,46,FEMALE,FRANCE,Subscriber,72,Desktop
SF_1823,62,FEMALE,ITALY,Subscriber,205,Mobile
SF_1824,64,FEMALE,ITALY,Free,100,Desktop
SF_1825,60,MALE,USA,Subscriber,319,Desktop
SF_1826,57,MALE,UK,Free,387,Smart TV
SF_1827,15,FEMALE,FRANCE,Free,324,Tablet
SF_1828,31,MALE,UK,Free,76,Tablet
SF_1829,36,MALE,CANADA,Subscriber,208,Desktop
SF_1830,25,MALE,ITALY,Free,318,Mobile
SF_1831,36,MALE,USA,Free,200,Desktop
SF_1832,41,FEMALE,INDIA,Free,258,Mobile
SF_1833,29,MALE,INDIA,Free,170,Smart TV
SF_1834,54,MALE,UK,Free,331,Desktop
SF_1835,40,MALE,INDIA,Subscriber,445,Smart TV
SF_1836,16,MALE,CANADA,Free,249,Desktop
SF_1837,11,MALE,INDIA,Free,350,Mobile
SF_1838,59,MALE,USA,Subscriber,464,Mobile
SF_1839,65,MALE,ITALY,Subscriber,106,Mobile
SF_1840,46,MALE,CANADA,Subscriber,147,Smart TV
SF_1841,15,MALE,ITALY,Free,230,Desktop
SF_1842,11,MALE,CANADA,Free,456,Desktop
SF_1843,25,MALE,FRANCE,Subscriber,365,Desktop
SF_1844,34,FEMALE,INDIA,Subscriber,289,Smart TV
SF_1845,57,MALE,ITALY,Free,98,Tablet
SF_1846,20,MALE,INDIA,Subscriber,441,Mobile
SF_1847,13,MALE,USA,Subscriber,90,Desktop
SF_1848,18,MALE,CANADA,Free,114,Mobile
SF_1849,58,MALE,UK,Free,239,Smart TV
SF_1850,58,MALE,INDIA,Subscriber,14,Smart TV
SF_1851,58,MALE,INDIA,Free,58,Desktop
SF_1852,29,MALE,ITALY,Subscriber,92,Tablet
SF_1853,19,MALE,USA,Free,145,Smart TV
SF_1854,49,MALE,ITALY,Subscriber,268,Mobile
SF_1855,21,MALE,USA,Subscriber,178,Tablet
SF_1856,41,MALE,ITALY,Free,175,Mobile
SF_1857,42,MALE,INDIA,Free,448,Desktop
SF_1858,14,FEMALE,UK,Subscriber,352,Smart TV
SF_1859,56,FEMALE,CANADA,Free,196,Tablet
SF_1860,34,MALE,FRANCE,Free,184,Tablet
SF_1861,46,MALE,FRANCE,Subscriber,114,Tablet
SF_1862,55,MALE,FRANCE,Subscriber,425,Tablet
SF_1863,48,MALE,INDIA,Free,54,Smart TV
SF_1864,51,MALE,CANADA,Subscriber,296,Mobile
SF_1865,51,FEMALE,FRANCE,Subscriber,399,Tablet
SF_1866,58,MALE,ITALY,Free,182,Mobile
SF_1867,23,MALE,UK,Free,71,Desktop
SF_1868,9,MALE,ITALY,Free,307,Desktop
SF_1869,11,MALE,ITALY,Subscriber,357,Mobile
SF_1870,54,MALE,CANADA,Subscriber,159,Smart TV
SF_1871,64,FEMALE,CANADA,Free,76,Mobile
SF_1872,49,MALE,UK,Free,349,Smart TV
SF_1873,11,MALE,FRANCE,Subscriber,88,Tablet
SF_1874,14,MALE,UK,Free,266,Desktop
SF_1875,14,MALE,UK,Subscriber,418,Desktop
SF_1876,42,MALE,USA,Subscriber,110,Tablet
SF_1877,45,FEMALE,UK,Subscriber,213,Smart TV
SF_1878,59,MALE,ITALY,Free,22,Tablet
SF_1879,14,MALE,CANADA,Subscriber,462,Desktop
SF_1880,35,MALE,USA,Free,62,Smart TV
SF_1881,39,MALE,FRANCE,Free,436,Smart TV
SF_1882,13,MALE,USA,Subscriber,54,Desktop
SF_1883,26,FEMALE,FRANCE,Subscriber,57,Mobile
SF_1884,31,MALE,INDIA,Subscriber,88,Smart TV
SF_1885,21,MALE,ITALY,Subscriber,242,Mobile
SF_1886,37,MALE,ITALY,Free,103,Mobile
SF_1887,62,MALE,UK,Free,321,Mobile
SF_1888,29,MALE,INDIA,Free,413,Smart TV
SF_1889,35,MALE,INDIA,Subscriber,258,Tablet
SF_1890,61,MALE,CANADA,Subscriber,379,Desktop
SF_1891,59,MALE,CANADA,Free,126,Desktop
SF_1892,44,MALE,CANADA,Subscriber,151,Smart TV
SF_1893,20,FEMALE,FRANCE,Subscriber,391,Mobile
SF_1894,28,FEMALE,UK,Subscriber,257,Smart TV
SF_1895,43,MALE,FRANCE,Free,343,Mobile
SF_1896,51,MALE,UK,Subscriber,214,Tablet
SF_1897,54,FEMALE,USA,Free,219,Mobile
SF_1898,55,MALE,UK,Subscriber,219,Smart TV
SF_1899,52,FEMALE,FRANCE,Free,461,Smart TV
SF_1900,52,MALE,USA,Subscriber,236,Desktop
SF_1901,19,MALE,ITALY,Free,250,Desktop
SF_1902,15,MALE,UK,Free,214,Desktop
SF_1903,55,MALE,INDIA,Free,171,Mobile
SF_1904,9,MALE,CANADA,Free,345,Mobile
SF_1905,37,FEMALE,FRANCE,Free,147,Tablet
SF_1906,60,FEMALE,INDIA,Free,327,Tablet
SF_1907,43,MALE,FRANCE,Free,176,Desktop
SF_1908,15,MALE,CANADA,Subscriber,236,Smart TV
SF_1909,65,MALE,USA,Subscriber,443,Smart TV
SF_1910,47,MALE,USA,Subscriber,487,Desktop
SF_1911,37,FEMALE,CANADA,Subscriber,416,Mobile
SF_1912,33,MALE,USA,Subscriber,260,Desktop
SF_1913,63,MALE,ITALY,Free,374,Mobile
SF_1914,32,FEMALE,FRANCE,Subscriber,177,Desktop
SF_1915,12,MALE,CANADA,Subscriber,410,Tablet
SF_1916,17,MALE,INDIA,Subscriber,301,Desktop
SF_1917,45,MALE,FRANCE,Subscriber,388,Smart TV
SF_1918,13,FEMALE,ITALY,Free,413,Smart TV
SF_1919,38,MALE,UK,Subscriber,305,Mobile
SF_1920,61,FEMALE,UK,Free,412,Mobile
SF_1921,42,MALE,UK,Subscriber,319,Desktop
SF_1922,25,FEMALE,CANADA,Free,453,Tablet
SF_1923,44,MALE,INDIA,Free,21,Mobile
SF_1924,65,FEMALE,INDIA,Subscriber,320,Mobile
SF_1925,17,MALE,ITALY,Free,222,Tablet
SF_1926,39,FEMALE,CANADA,Free,189,Tablet
SF_1927,33,MALE,USA,Free,132,Desktop
SF_1928,11,MALE,INDIA,Free,283,Smart TV
SF_1929,36,FEMALE,ITALY,Free,229,Smart TV
SF_1930,29,MALE,INDIA,Subscriber,261,Mobile
SF_1931,28,MALE,CANADA,Subscriber,356,Desktop
SF_1932,57,MALE,INDIA,Subscriber,122,Smart TV
SF_1933,21,MALE,ITALY,Subscriber,302,Smart TV
SF_1934,44,MALE,ITALY,Subscriber,57,Smart TV
SF_1935,24,MALE,ITALY,Free,222,Desktop
SF_1936,37,MALE,ITALY,Subscriber,315,Desktop
SF_1937,28,MALE,CANADA,Free,473,Smart TV
SF_1938,61,FEMALE,FRANCE,Free,303,Tablet
SF_1939,52,FEMALE,UK,Free,386,Smart TV
SF_1940,44,MALE,ITALY,Free,324,Tablet
SF_1941,33,MALE,USA,Free,399,Tablet
SF_1942,34,MALE,FRANCE,Subscriber,416,Tablet
SF_1943,43,MALE,FRANCE,Free,308,Smart TV
SF_1944,15,FEMALE,INDIA,Free,306,Mobile
SF_1945,23,MALE,CANADA,Free,306,Desktop
SF_1946,14,MALE,INDIA,Subscriber,178,Mobile
SF_1947,18,MALE,USA,Free,228,Mobile
SF_1948,41,MALE,INDIA,Free,441,Mobile
SF_1949,58,MALE,ITALY,Subscriber,500,Mobile
SF_1950,13,MALE,ITALY,Subscriber,255,Tablet
SF_1951,53,FEMALE,UK,Subscriber,92,Desktop
SF_1952,34,MALE,INDIA,Subscriber,252,Tablet
SF_1953,40,FEMALE,USA,Subscriber,264,Mobile
SF_1954,13,MALE,UK,Free,86,Smart TV
SF_1955,44,MALE,UK,Free,468,Mobile
SF_1956,13,MALE,UK,Subscriber,137,Mobile
SF_1957,63,FEMALE,INDIA,Subscriber,101,Tablet
SF_1958,33,FEMALE,CANADA,Free,391,Smart TV
SF_1959,23,FEMALE,FRANCE,Free,129,Desktop
SF_1960,9,MALE,INDIA,Subscriber,359,Desktop
SF_1961,58,FEMALE,UK,Subscriber,137,Desktop
SF_1962,26,FEMALE,ITALY,Subscriber,333,Desktop
SF_1963,23,FEMALE,USA,Subscriber,296,Desktop
SF_1964,53,FEMALE,ITALY,Free,280,Smart TV
SF_1965,22,MALE,ITALY,Subscriber,429,Mobile
SF_1966,21,MALE,CANADA,Subscriber,415,Smart TV
SF_1967,26,MALE,FRANCE,Free,357,Tablet
SF_1968,65,MALE,UK,Free,195,Mobile
SF_1969,46,FEMALE,ITALY,Free,277,Smart TV
SF_1970,29,MALE,FRANCE,Free,336,Smart TV
SF_1971,43,FEMALE,UK,Subscriber,131,Mobile
SF_1972,40,MALE,CANADA,Free,442,Smart TV
SF_1973,23,MALE,FRANCE,Subscriber,101,Smart TV
SF_1974,40,MALE,UK,Subscriber,297,Smart TV
SF_1975,11,MALE,USA,Subscriber,285,Tablet
SF_1976,29,MALE,INDIA,Free,148,Desktop
SF_1977,64,MALE,ITALY,Free,151,Smart TV
SF_1978,23,MALE,USA,Free,361,Smart TV
SF_1979,44,MALE,ITALY,Free,68,Mobile
SF_1980,60,MALE,CANADA,Free,315,Smart TV
SF_1981,29,MALE,INDIA,Free,303,Mobile
SF_1982,62,MALE,FRANCE,Free,148,Tablet
SF_1983,11,MALE,UK,Free,343,Desktop
SF_1984,39,MALE,UK,Subscriber,382,Desktop
SF_1985,29,MALE,FRANCE,Free,43,Smart TV
SF_1986,21,MALE,INDIA,Subscriber,235,Desktop
SF_1987,18,MALE,ITALY,Subscriber,346,Tablet
SF_1988,44,FEMALE,INDIA,Free,368,Mobile
SF_1989,19,MALE,FRANCE,Subscriber,351,Smart TV
SF_1990,15,MALE,USA,Subscriber,497,Tablet
SF_1991,61,MALE,FRANCE,Subscriber,309,Desktop
SF_1992,27,MALE,FRANCE,Free,416,Desktop
SF_1993,58,MALE,USA,Free,115,Smart TV
SF_1994,56,MALE,ITALY,Free,256,Mobile
SF_1995,61,MALE,FRANCE,Free,142,Smart TV
SF_1996,47,MALE,ITALY,Free,238,Tablet
SF_1997,24,MALE,INDIA,Free,142,Tablet
SF_1998,42,FEMALE,USA,Free,86,Tablet
SF_1999,61,FEMALE,USA,Subscriber,119,Smart TV
SF_2000,48,MALE,INDIA,Subscriber,495,Smart TV
SF_2001,12,MALE,CANADA,Free,387,Mobile
SF_2002,60,FEMALE,INDIA,Free,139,Tablet
SF_2003,27,MALE,USA,Free,309,Mobile
SF_2004,19,MALE,FRANCE,Subscriber,490,Smart TV
SF_2005,16,MALE,CANADA,Subscriber,355,Desktop
SF_2006,62,MALE,INDIA,Free,364,Mobile
SF_2007,36,MALE,ITALY,Subscriber,253,Smart TV
SF_2008,37,MALE,CANADA,Free,114,Smart TV
SF_2009,18,FEMALE,INDIA,Subscriber,332,Desktop
SF_2010,65,MALE,USA,Free,45,Tablet
SF_2011,31,FEMALE,FRANCE,Free,253,Smart TV
SF_2012,63,MALE,INDIA,Subscriber,374,Desktop
SF_2013,64,MALE,INDIA,Subscriber,164,Smart TV
SF_2014,13,MALE,CANADA,Subscriber,272,Tablet
SF_2015,25,MALE,USA,Subscriber,233,Mobile
SF_2016,10,FEMALE,USA,Subscriber,101,Mobile
SF_2017,57,MALE,CANADA,Free,127,Desktop
SF_2018,29,MALE,UK,Free,78,Tablet
SF_2019,43,MALE,INDIA,Free,400,Mobile
SF_2020,19,MALE,UK,Subscriber,196,Tablet
SF_2021,20,MALE,CANADA,Free,214,Desktop
SF_2022,59,MALE,INDIA,Subscriber,33,Smart TV
SF_2023,59,MALE,ITALY,Free,269,Mobile
SF_2024,17,MALE,FRANCE,Subscriber,163,Tablet
SF_2025,44,MALE,FRANCE,Subscriber,256,Tablet
SF_2026,17,MALE,CANADA,Subscriber,379,Smart TV
SF_2027,65,FEMALE,ITALY,Subscriber,223,Mobile
SF_2028,12,MALE,ITALY,Free,158,Desktop
SF_2029,62,FEMALE,ITALY,Subscriber,260,Desktop
SF_2030,17,MALE,CANADA,Subscriber,233,Tablet
SF_2031,35,MALE,INDIA,Subscriber,426,Smart TV
SF_2032,36,MALE,ITALY,Subscriber,491,Tablet
SF_2033,23,FEMALE,ITALY,Free,74,Mobile
SF_2034,28,FEMALE,INDIA,Free,383,Smart TV
SF_2035,48,FEMALE,USA,Free,354,Smart TV
SF_2036,24,FEMALE,INDIA,Free,293,Smart TV
SF_2037,48,MALE,FRANCE,Subscriber,284,Tablet
SF_2038,59,FEMALE,USA,Free,460,Desktop
SF_2039,18,MALE,ITALY,Subscriber,385,Tablet
SF_2040,13,FEMALE,UK,Free,249,Mobile
SF_2041,44,FEMALE,ITALY,Free,334,Desktop
SF_2042,9,MALE,CANADA,Subscriber,262,Desktop
SF_2043,14,MALE,INDIA,Free,308,Smart TV
SF_2044,47,FEMALE,FRANCE,Free,353,Tablet
SF_2045,63,FEMALE,FRANCE,Free,339,Desktop
SF_2046,37,MALE,INDIA,Subscriber,308,Smart TV
SF_2047,23,MALE,CANADA,Subscriber,391,Mobile
SF_2048,21,MALE,USA,Free,32,Smart TV
SF_2049,34,FEMALE,USA,Subscriber,453,Tablet
SF_2050,51,FEMALE,INDIA,Free,256,Tablet
SF_2051,52,MALE,CANADA,Free,432,Mobile
SF_2052,53,MALE,UK,Free,172,Tablet
SF_2053,42,MALE,INDIA,Free,495,Desktop
SF_2054,25,MALE,ITALY,Free,434,Desktop
SF_2055,53,MALE,FRANCE,Free,48,Mobile
SF_2056,26,MALE,USA,Free,344,Mobile
SF_2057,56,MALE,UK,Subscriber,152,Desktop
SF_2058,62,FEMALE,UK,Subscriber,411,Tablet
SF_2059,48,MALE,ITALY,Subscriber,179,Smart TV
SF_2060,17,MALE,CANADA,Subscriber,496,Smart TV
SF_2061,39,MALE,FRANCE,Subscriber,456,Tablet
SF_2062,16,MALE,USA,Free,126,Tablet
SF_2063,57,MALE,FRANCE,Free,105,Desktop
SF_2064,53,MALE,FRANCE,Subscriber,469,Mobile
SF_2065,48,MALE,UK,Free,248,Tablet
SF_2066,56,FEMALE,CANADA,Free,193,Smart TV
SF_2067,10,MALE,CANADA,Free,500,Tablet
SF_2068,54,FEMALE,INDIA,Free,61,Smart TV
SF_2069,35,MALE,CANADA,Subscriber,38,Tablet
SF_2070,35,FEMALE,UK,Subscriber,403,Mobile
SF_2071,17,MALE,USA,Subscriber,359,Tablet
SF_2072,15,FEMALE,USA,Free,172,Tablet
SF_2073,16,FEMALE,FRANCE,Free,377,Desktop
SF_2074,52,MALE,FRANCE,Free,407,Tablet
SF_2075,55,FEMALE,UK,Subscriber,127,Mobile
SF_2076,24,MALE,INDIA,Subscriber,417,Tablet
SF_2077,42,MALE,ITALY,Free,490,Smart TV
SF_2078,22,MALE,INDIA,Subscriber,355,Mobile
SF_2079,34,MALE,FRANCE,Free,334,Desktop
SF_2080,13,MALE,ITALY,Free,301,Smart TV
SF_2081,48,MALE,ITALY,Subscriber,190,Tablet
SF_2082,27,MALE,INDIA,Free,214,Smart TV
SF_2083,29,MALE,FRANCE,Subscriber,213,Tablet
SF_2084,60,MALE,UK,Subscriber,302,Desktop
SF_2085,21,MALE,ITALY,Subscriber,194,Smart TV
SF_2086,50,MALE,USA,Subscriber,113,Mobile
SF_2087,46,MALE,INDIA,Subscriber,225,Desktop
SF_2088,26,MALE,ITALY,Subscriber,258,Mobile
SF_2089,47,MALE,CANADA,Subscriber,448,Smart TV
SF_2090,61,MALE,CANADA,Free,227,Tablet
SF_2091,53,FEMALE,FRANCE,Subscriber,98,Smart TV
SF_2092,46,MALE,INDIA,Subscriber,64,Desktop
SF_2093,17,MALE,CANADA,Subscriber,134,Mobile
SF_2094,46,MALE,INDIA,Subscriber,409,Tablet
SF_2095,48,MALE,FRANCE,Free,67,Tablet
SF_2096,20,FEMALE,USA,Subscriber,126,Tablet
SF_2097,43,MALE,INDIA,Subscriber,355,Tablet
SF_2098,57,MALE,USA,Subscriber,121,Desktop
SF_2099,44,FEMALE,CANADA,Subscriber,435,Mobile
SF_2100,23,FEMALE,INDIA,Subscriber,194,Smart TV
SF_2101,45,MALE,ITALY,Free,254,Smart TV
SF_2102,48,MALE,USA,Subscriber,350,Smart TV
SF_2103,17,MALE,UK,Subscriber,302,Desktop
SF_2104,15,MALE,ITALY,Free,215,Smart TV
SF_2105,58,MALE,USA,Subscriber,279,Smart TV
SF_2106,11,FEMALE,ITALY,Free,459,Mobile
SF_2107,59,MALE,ITALY,Subscriber,63,Smart TV
SF_2108,41,MALE,FRANCE,Subscriber,72,Mobile
SF_2109,39,MALE,INDIA,Free,277,Smart TV
SF_2110,9,MALE,INDIA,Subscriber,338,Mobile
SF_2111,32,MALE,FRANCE,Free,426,Smart TV
SF_2112,12,FEMALE,INDIA,Subscriber,184,Tablet
SF_2113,17,MALE,INDIA,Subscriber,367,Mobile
SF_2114,59,MALE,INDIA,Free,392,Desktop
SF_2115,21,MALE,UK,Free,475,Mobile
SF_2116,63,MALE,INDIA,Free,491,Smart TV
SF_2117,52,MALE,CANADA,Free,112,Tablet
SF_2118,10,MALE,CANADA,Free,415,Tablet
SF_2119,21,MALE,INDIA,Free,261,Mobile
SF_2120,30,MALE,USA,Subscriber,187,Mobile
SF_2121,10,MALE,UK,Free,461,Desktop
SF_2122,61,MALE,CANADA,Free,355,Smart TV
SF_2123,11,FEMALE,CANADA,Free,279,Mobile
SF_2124,43,MALE,INDIA,Free,129,Smart TV
SF_2125,15,MALE,INDIA,Subscriber,498,Desktop
SF_2126,13,MALE,CANADA,Subscriber,361,Tablet
SF_2127,23,MALE,UK,Subscriber,119,Smart TV
SF_2128,35,FEMALE,CANADA,Free,287,Smart TV
SF_2129,19,MALE,UK,Free,256,Tablet
SF_2130,39,MALE,INDIA,Free,45,Mobile
SF_2131,49,MALE,ITALY,Subscriber,365,Mobile
SF_2132,15,MALE,FRANCE,Free,295,Mobile
SF_2133,52,FEMALE,ITALY,Subscriber,106,Smart TV
SF_2134,35,MALE,UK,Free,127,Tablet
SF_2135,37,MALE,INDIA,Subscriber,130,Desktop
SF_2136,49,MALE,INDIA,Subscriber,219,Tablet
SF_2137,51,FEMALE,USA,Subscriber,201,Tablet
SF_2138,33,FEMALE,ITALY,Free,390,Mobile
SF_2139,60,FEMALE,FRANCE,Subscriber,170,Mobile
SF_2140,47,MALE,CANADA,Free,299,Desktop
SF_2141,40,FEMALE,ITALY,Subscriber,160,Desktop
SF_2142,24,FEMALE,FRANCE,Subscriber,35,Tablet
SF_2143,17,MALE,UK,Subscriber,120,Smart TV
SF_2144,57,MALE,CANADA,Subscriber,11,Smart TV
SF_2145,21,MALE,ITALY,Subscriber,186,Tablet
SF_2146,52,MALE,UK,Free,183,Tablet
SF_2147,11,FEMALE,USA,Subscriber,367,Desktop
SF_2148,16,FEMALE,USA,Free,332,Mobile
SF_2149,30,MALE,INDIA,Subscriber,154,Smart TV
SF_2150,37,FEMALE,USA,Free,207,Smart TV
SF_2151,50,MALE,CANADA,Free,122,Tablet
SF_2152,19,MALE,CANADA,Free,324,Smart TV
SF_2153,14,MALE,ITALY,Subscriber,85,Desktop
SF_2154,37,MALE,CANADA,Subscriber,259,Desktop
SF_2155,52,FEMALE,UK,Free,318,Desktop
SF_2156,10,MALE,UK,Free,417,Smart TV
SF_2157,10,FEMALE,CANADA,Subscriber,99,Tablet
SF_2158,19,MALE,ITALY,Free,330,Smart TV
SF_2159,15,FEMALE,FRANCE,Free,192,Mobile
SF_2160,64,FEMALE,UK,Free,490,Mobile
SF_2161,55,FEMALE,INDIA,Free,156,Smart TV
SF_2162,35,FEMALE,ITALY,Free,237,Desktop
SF_2163,26,MALE,CANADA,Free,260,Smart TV
SF_2164,38,MALE,FRANCE,Subscriber,381,Desktop
SF_2165,23,MALE,USA,Subscriber,208,Desktop
SF_2166,60,MALE,INDIA,Free,161,Smart TV
SF_2167,18,FEMALE,ITALY,Free,112,Smart TV
SF_2168,45,MALE,CANADA,Free,127,Mobile
SF_2169,13,MALE,INDIA,Subscriber,382,Tablet
SF_2170,36,FEMALE,ITALY,Free,225,Mobile
SF_2171,56,MALE,FRANCE,Free,119,Mobile
SF_2172,54,MALE,FRANCE,Subscriber,349,Tablet
SF_2173,49,MALE,USA,Free,345,Mobile
SF_2174,57,MALE,USA,Free,323,Desktop
SF_2175,13,MALE,FRANCE,Subscriber,481,Desktop
SF_2176,50,MALE,ITALY,Subscriber,386,Smart TV
SF_2177,33,FEMALE,FRANCE,Free,171,Smart TV
SF_2178,44,MALE,INDIA,Free,227,Tablet
SF_2179,45,FEMALE,CANADA,Free,318,Smart TV
SF_2180,28,MALE,INDIA,Subscriber,211,Tablet
SF_2181,17,MALE,CANADA,Free,263,Tablet
SF_2182,53,FEMALE,CANADA,Subscriber,52,Mobile
SF_2183,47,FEMALE,USA,Subscriber,171,Smart TV
SF_2184,41,MALE,CANADA,Subscriber,142,Tablet
SF_2185,64,MALE,ITALY,Subscriber,363,Mobile
SF_2186,47,MALE,ITALY,Subscriber,210,Smart TV
SF_2187,22,MALE,ITALY,Subscriber,31,Tablet
SF_2188,17,FEMALE,ITALY,Subscriber,318,Mobile
SF_2189,39,MALE,USA,Free,146,Desktop
SF_2190,38,FEMALE,ITALY,Free,288,Desktop
SF_2191,63,MALE,CANADA,Free,178,Mobile
SF_2192,34,FEMALE,USA,Subscriber,16,Tablet
SF_2193,11,MALE,ITALY,Subscriber,64,Tablet
SF_2194,62,MALE,CANADA,Subscriber,401,Desktop
SF_2195,20,MALE,INDIA,Free,247,Smart TV
SF_2196,19,MALE,UK,Free,157,Mobile
SF_2197,39,FEMALE,FRANCE,Free,18,Smart TV
SF_2198,41,FEMALE,USA,Subscriber,228,Tablet
SF_2199,24,MALE,UK,Free,271,Tablet
SF_2200,54,MALE,UK,Free,178,Desktop
SF_2201,65,MALE,UK,Subscriber,301,Tablet
SF_2202,32,FEMALE,CANADA,Subscriber,302,Mobile
SF_2203,12,MALE,CANADA,Subscriber,467,Smart TV
SF_2204,31,MALE,UK,Free,390,Smart TV
SF_2205,48,FEMALE,UK,Free,340,Desktop
SF_2206,21,MALE,CANADA,Subscriber,212,Tablet
SF_2207,46,MALE,CANADA,Free,430,Tablet
SF_2208,62,MALE,ITALY,Subscriber,421,Tablet
SF_2209,29,MALE,USA,Subscriber,317,Desktop
SF_2210,25,MALE,USA,Free,272,Mobile
SF_2211,27,MALE,ITALY,Free,417,Mobile
SF_2212,46,MALE,UK,Free,221,Smart TV
SF_2213,64,FEMALE,USA,Free,134,Smart TV
SF_2214,63,FEMALE,ITALY,Subscriber,486,Mobile
SF_2215,21,FEMALE,ITALY,Free,21,Tablet
SF_2216,14,FEMALE,INDIA,Free,273,Desktop
SF_2217,18,MALE,INDIA,Subscriber,155,Desktop
SF_2218,25,MALE,CANADA,Free,405,Smart TV
SF_2219,55,MALE,FRANCE,Free,278,Desktop
SF_2220,41,FEMALE,FRANCE,Subscriber,339,Mobile
SF_2221,55,MALE,ITALY,Subscriber,330,Desktop
SF_2222,23,FEMALE,UK,Free,290,Smart TV
SF_2223,37,MALE,USA,Subscriber,220,Tablet
SF_2224,32,MALE,ITALY,Free,357,Desktop
SF_2225,19,MALE,INDIA,Subscriber,102,Smart TV
SF_2226,10,FEMALE,CANADA,Subscriber,286,Desktop
SF_2227,22,MALE,UK,Free,161,Tablet
SF_2228,48,MALE,FRANCE,Subscriber,446,Smart TV
SF_2229,56,MALE,ITALY,Free,149,Mobile
SF_2230,61,FEMALE,CANADA,Free,192,Desktop
SF_2231,42,MALE,CANADA,Free,450,Tablet
SF_2232,65,MALE,UK,Subscriber,472,Tablet
SF_2233,37,FEMALE,INDIA,Subscriber,283,Tablet
SF_2234,10,MALE,USA,Free,445,Tablet
SF_2235,48,MALE,INDIA,Subscriber,409,Smart TV
SF_2236,24,MALE,FRANCE,Free,351,Mobile
SF_2237,16,FEMALE,UK,Subscriber,209,Smart TV
SF_2238,36,FEMALE,CANADA,Subscriber,379,Desktop
SF_2239,22,MALE,FRANCE,Free,449,Smart TV
SF_2240,59,MALE,INDIA,Free,44,Smart TV
SF_2241,33,MALE,USA,Free,17,Mobile
SF_2242,49,MALE,INDIA,Subscriber,148,Smart TV
SF_2243,21,MALE,UK,Subscriber,259,Tablet
SF_2244,22,MALE,ITALY,Subscriber,117,Tablet
SF_2245,26,MALE,INDIA,Subscriber,494,Smart TV
SF_2246,9,MALE,ITALY,Subscriber,44,Desktop
SF_2247,38,MALE,ITALY,Subscriber,36,Desktop
SF_2248,35,FEMALE,UK,Free,276,Smart TV
SF_2249,23,MALE,CANADA,Subscriber,449,Mobile
SF_2250,37,MALE,FRANCE,Subscriber,95,Desktop
SF_2251,13,MALE,UK,Subscriber,112,Desktop
SF_2252,23,FEMALE,ITALY,Subscriber,74,Smart TV
SF_2253,11,FEMALE,CANADA,Free,50,Desktop
SF_2254,43,MALE,USA,Subscriber,454,Mobile
SF_2255,40,FEMALE,UK,Free,470,Desktop
SF_2256,58,FEMALE,UK,Subscriber,208,Smart TV
SF_2257,10,FEMALE,FRANCE,Free,354,Smart TV
SF_2258,24,FEMALE,CANADA,Subscriber,303,Mobile
SF_2259,65,FEMALE,ITALY,Free,276,Mobile
SF_2260,15,FEMALE,INDIA,Subscriber,423,Smart TV
SF_2261,31,MALE,INDIA,Free,256,Smart TV
SF_2262,31,MALE,CANADA,Subscriber,418,Mobile
SF_2263,58,MALE,UK,Free,20,Desktop
SF_2264,52,FEMALE,USA,Free,18,Smart TV
SF_2265,64,MALE,ITALY,Subscriber,395,Mobile
SF_2266,23,FEMALE,INDIA,Subscriber,327,Mobile
SF_2267,39,FEMALE,CANADA,Free,14,Desktop
SF_2268,33,FEMALE,UK,Subscriber,213,Desktop
SF_2269,34,FEMALE,INDIA,Subscriber,37,Smart TV
SF_2270,37,MALE,FRANCE,Subscriber,217,Desktop
SF_2271,19,MALE,USA,Subscriber,33,Smart TV
SF_2272,9,MALE,CANADA,Subscriber,407,Mobile
SF_2273,53,MALE,CANADA,Free,429,Smart TV
SF_2274,17,MALE,FRANCE,Subscriber,461,Mobile
SF_2275,50,MALE,ITALY,Subscriber,350,Smart TV
SF_2276,10,MALE,UK,Subscriber,439,Mobile
SF_2277,27,FEMALE,ITALY,Subscriber,160,Desktop
SF_2278,39,MALE,FRANCE,Subscriber,439,Mobile
SF_2279,43,MALE,CANADA,Free,429,Desktop
SF_2280,35,MALE,CANADA,Free,234,Desktop
SF_2281,33,MALE,USA,Free,424,Mobile
SF_2282,20,MALE,CANADA,Subscriber,294,Mobile
SF_2283,21,MALE,USA,Free,349,Smart TV
SF_2284,20,MALE,ITALY,Subscriber,191,Mobile
SF_2285,51,FEMALE,FRANCE,Subscriber,453,Desktop
SF_2286,26,MALE,CANADA,Subscriber,172,Tablet
SF_2287,59,MALE,INDIA,Subscriber,75,Tablet
SF_2288,38,MALE,INDIA,Subscriber,482,Desktop
SF_2289,16,FEMALE,CANADA,Subscriber,90,Tablet
SF_2290,45,MALE,FRANCE,Subscriber,23,Smart TV
SF_2291,60,MALE,UK,Free,315,Tablet
SF_2292,27,MALE,USA,Subscriber,236,Desktop
SF_2293,28,FEMALE,INDIA,Free,474,Smart TV
SF_2294,60,MALE,INDIA,Free,410,Tablet
SF_2295,21,MALE,ITALY,Free,424,Desktop
SF_2296,17,FEMALE,UK,Subscriber,410,Smart TV
SF_2297,49,MALE,USA,Free,477,Tablet
SF_2298,29,MALE,USA,Free,432,Mobile
SF_2299,22,FEMALE,INDIA,Subscriber,234,Tablet
SF_2300,30,MALE,INDIA,Free,188,Mobile
SF_2301,11,FEMALE,UK,Free,225,Desktop
SF_2302,58,MALE,USA,Free,270,Smart TV
SF_2303,60,MALE,FRANCE,Free,252,Mobile
SF_2304,47,MALE,FRANCE,Free,338,Mobile
SF_2305,32,MALE,INDIA,Free,268,Tablet
SF_2306,46,FEMALE,USA,Subscriber,331,Desktop
SF_2307,34,MALE,ITALY,Free,441,Smart TV
SF_2308,34,FEMALE,ITALY,Subscriber,446,Desktop
SF_2309,53,FEMALE,INDIA,Free,98,Smart TV
SF_2310,54,MALE,ITALY,Free,78,Mobile
SF_2311,60,FEMALE,USA,Free,14,Tablet
SF_2312,26,MALE,CANADA,Free,177,Desktop
SF_2313,41,FEMALE,CANADA,Free,261,Tablet
SF_2314,21,FEMALE,INDIA,Free,271,Mobile
SF_2315,34,MALE,FRANCE,Subscriber,145,Smart TV
SF_2316,11,MALE,UK,Subscriber,39,Tablet
SF_2317,47,FEMALE,CANADA,Subscriber,159,Mobile
SF_2318,40,MALE,USA,Subscriber,244,Desktop
SF_2319,13,MALE,UK,Free,294,Mobile
SF_2320,30,FEMALE,USA,Subscriber,319,Mobile
SF_2321,14,MALE,CANADA,Free,226,Mobile
SF_2322,57,FEMALE,INDIA,Free,147,Tablet
SF_2323,51,MALE,ITALY,Free,496,Tablet
SF_2324,10,MALE,UK,Free,156,Mobile
SF_2325,26,FEMALE,INDIA,Free,249,Tablet
SF_2326,58,MALE,USA,Subscriber,294,Desktop
SF_2327,27,MALE,INDIA,Free,105,Mobile
SF_2328,35,MALE,FRANCE,Free,105,Tablet
SF_2329,59,FEMALE,CANADA,Subscriber,306,Smart TV
SF_2330,58,MALE,FRANCE,Subscriber,364,Tablet
SF_2331,44,MALE,UK,Free,351,Desktop
SF_2332,42,MALE,UK,Free,72,Smart TV
SF_2333,55,MALE,UK,Free,49,Desktop
SF_2334,65,FEMALE,UK,Free,145,Mobile
SF_2335,27,MALE,ITALY,Subscriber,226,Tablet
SF_2336,56,MALE,ITALY,Subscriber,337,Desktop
SF_2337,39,MALE,USA,Subscriber,405,Smart TV
SF_2338,49,MALE,ITALY,Subscriber,279,Desktop
SF_2339,14,FEMALE,FRANCE,Subscriber,417,Desktop
SF_2340,54,MALE,USA,Free,396,Tablet
SF_2341,11,MALE,CANADA,Free,449,Tablet
SF_2342,36,MALE,FRANCE,Free,179,Smart TV
SF_2343,53,FEMALE,CANADA,Free,326,Smart TV
SF_2344,30,MALE,CANADA,Free,267,Tablet
SF_2345,52,MALE,USA,Free,120,Tablet
SF_2346,54,FEMALE,USA,Subscriber,397,Smart TV
SF_2347,44,MALE,ITALY,Subscriber,35,Smart TV
SF_2348,37,MALE,USA,Subscriber,455,Tablet
SF_2349,60,MALE,USA,Free,83,Mobile
SF_2350,16,MALE,UK,Free,335,Desktop
SF_2351,18,FEMALE,INDIA,Subscriber,93,Tablet
SF_2352,12,MALE,USA,Subscriber,334,Tablet
SF_2353,52,FEMALE,UK,Free,395,Tablet
SF_2354,63,MALE,UK,Free,282,Mobile
SF_2355,39,FEMALE,USA,Subscriber,336,Smart TV
SF_2356,64,FEMALE,UK,Subscriber,338,Tablet
SF_2357,51,FEMALE,ITALY,Subscriber,134,Desktop
SF_2358,35,FEMALE,CANADA,Free,233,Smart TV
SF_2359,61,MALE,UK,Free,134,Desktop
SF_2360,54,MALE,CANADA,Free,408,Desktop
SF_2361,19,MALE,ITALY,Subscriber,222,Tablet
SF_2362,35,MALE,USA,Subscriber,11,Desktop
SF_2363,31,MALE,UK,Free,85,Mobile
SF_2364,28,FEMALE,FRANCE,Free,292,Desktop
SF_2365,42,MALE,INDIA,Subscriber,72,Mobile
SF_2366,60,FEMALE,INDIA,Subscriber,497,Mobile
SF_2367,48,FEMALE,INDIA,Free,66,Tablet
SF_2368,28,FEMALE,CANADA,Free,288,Smart TV
SF_2369,47,MALE,UK,Subscriber,358,Tablet
SF_2370,22,MALE,ITALY,Free,111,Mobile
SF_2371,37,FEMALE,INDIA,Free,364,Mobile
SF_2372,27,FEMALE,INDIA,Subscriber,110,Mobile
SF_2373,65,MALE,ITALY,Free,206,Tablet
SF_2374,27,MALE,FRANCE,Free,277,Tablet
SF_2375,48,FEMALE,ITALY,Subscriber,133,Smart TV
SF_2376,35,MALE,INDIA,Subscriber,417,Smart TV
SF_2377,12,MALE,INDIA,Subscriber,270,Mobile
SF_2378,60,MALE,USA,Subscriber,383,Tablet
SF_2379,12,MALE,ITALY,Free,32,Desktop
SF_2380,39,MALE,USA,Free,29,Mobile
SF_2381,64,FEMALE,UK,Subscriber,200,Desktop
SF_2382,64,MALE,CANADA,Subscriber,233,Mobile
SF_2383,62,FEMALE,USA,Free,46,Desktop
SF_2384,31,MALE,ITALY,Subscriber,392,Smart TV
SF_2385,61,FEMALE,ITALY,Subscriber,274,Tablet
SF_2386,36,FEMALE,UK,Subscriber,33,Desktop
SF_2387,46,MALE,ITALY,Free,453,Mobile
SF_2388,29,MALE,FRANCE,Subscriber,204,Mobile
SF_2389,9,MALE,INDIA,Subscriber,17,Tablet
SF_2390,47,FEMALE,ITALY,Free,493,Tablet
SF_2391,25,MALE,FRANCE,Free,265,Smart TV
SF_2392,34,FEMALE,INDIA,Subscriber,257,Tablet
SF_2393,42,MALE,USA,Free,318,Mobile
SF_2394,32,MALE,ITALY,Subscriber,227,Desktop
SF_2395,60,MALE,ITALY,Free,207,Desktop
SF_2396,55,FEMALE,USA,Free,102,Smart TV
SF_2397,64,FEMALE,UK,Subscriber,202,Smart TV
SF_2398,58,MALE,FRANCE,Free,497,Tablet
SF_2399,9,MALE,FRANCE,Free,474,Tablet
SF_2400,55,FEMALE,FRANCE,Subscriber,39,Desktop
SF_2401,11,MALE,ITALY,Subscriber,271,Tablet
SF_2402,55,MALE,FRANCE,Free,288,Desktop
SF_2403,40,MALE,UK,Free,240,Desktop
SF_2404,20,MALE,UK,Free,184,Smart TV
SF_2405,31,MALE,CANADA,Free,32,Smart TV
SF_2406,20,FEMALE,UK,Free,386,Desktop
SF_2407,56,MALE,INDIA,Free,470,Tablet
SF_2408,50,FEMALE,USA,Subscriber,190,Smart TV
SF_2409,35,FEMALE,ITALY,Subscriber,101,Tablet
SF_2410,26,MALE,ITALY,Subscriber,84,Smart TV
SF_2411,27,FEMALE,FRANCE,Subscriber,246,Smart TV
SF_2412,45,MALE,CANADA,Subscriber,424,Mobile
SF_2413,39,FEMALE,INDIA,Free,390,Mobile
SF_2414,44,MALE,CANADA,Subscriber,376,Desktop
SF_2415,14,MALE,CANADA,Subscriber,58,Desktop
SF_2416,17,MALE,USA,Subscriber,17,Mobile
SF_2417,42,MALE,ITALY,Free,162,Desktop
SF_2418,59,FEMALE,USA,Subscriber,102,Mobile
SF_2419,43,MALE,ITALY,Free,498,Desktop
SF_2420,61,MALE,ITALY,Free,397,Tablet
SF_2421,49,MALE,FRANCE,Free,443,Smart TV
SF_2422,10,FEMALE,ITALY,Subscriber,134,Tablet
SF_2423,59,FEMALE,FRANCE,Free,393,Desktop
SF_2424,47,MALE,INDIA,Free,313,Desktop
SF_2425,19,FEMALE,FRANCE,Free,117,Tablet
SF_2426,34,MALE,INDIA,Subscriber,163,Desktop
SF_2427,29,FEMALE,INDIA,Free,125,Tablet
SF_2428,46,MALE,ITALY,Free,45,Smart TV
SF_2429,29,MALE,CANADA,Free,458,Smart TV
SF_2430,38,MALE,FRANCE,Free,265,Tablet
SF_2431,11,FEMALE,FRANCE,Free,349,Mobile
SF_2432,17,MALE,UK,Subscriber,101,Mobile
SF_2433,55,MALE,UK,Free,208,Smart TV
SF_2434,50,MALE,USA,Free,429,Tablet
SF_2435,35,MALE,CANADA,Subscriber,443,Smart TV
SF_2436,9,MALE,USA,Free,100,Tablet
SF_2437,11,MALE,UK,Free,323,Smart TV
SF_2438,30,MALE,ITALY,Subscriber,247,Mobile
SF_2439,39,MALE,FRANCE,Free,219,Tablet
SF_2440,44,MALE,FRANCE,Subscriber,69,Desktop
SF_2441,11,FEMALE,FRANCE,Free,475,Desktop
SF_2442,12,MALE,FRANCE,Free,260,Smart TV
SF_2443,51,FEMALE,UK,Free,12,Smart TV
SF_2444,45,FEMALE,USA,Subscriber,140,Desktop
SF_2445,32,MALE,INDIA,Free,10,Tablet
SF_2446,32,MALE,ITALY,Free,150,Desktop
SF_2447,50,MALE,CANADA,Subscriber,482,Smart TV
SF_2448,20,MALE,FRANCE,Free,378,Tablet
SF_2449,37,MALE,INDIA,Free,176,Desktop
SF_2450,16,MALE,FRANCE,Free,286,Smart TV
SF_2451,45,MALE,CANADA,Subscriber,156,Mobile
SF_2452,35,MALE,UK,Subscriber,129,Smart TV
SF_2453,59,MALE,USA,Subscriber,21,Desktop
SF_2454,30,MALE,UK,Free,82,Mobile
SF_2455,41,MALE,ITALY,Free,217,Desktop
SF_2456,36,MALE,CANADA,Subscriber,80,Tablet
SF_2457,24,MALE,USA,Subscriber,285,Desktop
SF_2458,18,MALE,CANADA,Subscriber,63,Desktop
SF_2459,22,MALE,FRANCE,Subscriber,482,Desktop
SF_2460,53,FEMALE,CANADA,Free,268,Tablet
SF_2461,63,MALE,USA,Subscriber,349,Desktop
SF_2462,33,MALE,ITALY,Free,10,Mobile
SF_2463,25,MALE,CANADA,Free,118,Mobile
SF_2464,25,FEMALE,INDIA,Subscriber,458,Mobile
SF_2465,43,MALE,CANADA,Subscriber,251,Desktop
SF_2466,58,MALE,FRANCE,Free,284,Tablet
SF_2467,63,MALE,CANADA,Subscriber,292,Tablet
SF_2468,17,MALE,INDIA,Subscriber,223,Smart TV
SF_2469,27,MALE,USA,Free,308,Mobile
SF_2470,31,MALE,USA,Subscriber,322,Tablet
SF_2471,22,MALE,ITALY,Free,185,Mobile
SF_2472,9,MALE,INDIA,Free,265,Smart TV
SF_2473,54,MALE,FRANCE,Free,195,Smart TV
SF_2474,44,MALE,FRANCE,Free,406,Smart TV
SF_2475,47,FEMALE,CANADA,Free,421,Mobile
SF_2476,15,MALE,INDIA,Free,264,Smart TV
SF_2477,40,MALE,INDIA,Subscriber,387,Mobile
SF_2478,20,MALE,UK,Subscriber,18,Desktop
SF_2479,41,FEMALE,INDIA,Free,70,Tablet
SF_2480,56,FEMALE,ITALY,Subscriber,212,Mobile
SF_2481,36,MALE,INDIA,Free,312,Smart TV
SF_2482,42,FEMALE,CANADA,Subscriber,62,Mobile
SF_2483,19,MALE,INDIA,Subscriber,212,Smart TV
SF_2484,39,MALE,ITALY,Subscriber,183,Smart TV
SF_2485,19,MALE,CANADA,Free,428,Mobile
SF_2486,65,MALE,CANADA,Free,498,Mobile
SF_2487,24,MALE,FRANCE,Free,390,Smart TV
SF_2488,20,FEMALE,FRANCE,Subscriber,67,Desktop
SF_2489,28,FEMALE,ITALY,Subscriber,297,Desktop
SF_2490,22,MALE,INDIA,Free,14,Mobile
SF_2491,32,MALE,USA,Subscriber,300,Desktop
SF_2492,14,FEMALE,CANADA,Free,247,Desktop
SF_2493,47,MALE,UK,Free,322,Mobile
SF_2494,24,MALE,ITALY,Free,327,Tablet
SF_2495,15,FEMALE,UK,Subscriber,136,Desktop
SF_2496,49,MALE,CANADA,Subscriber,154,Smart TV
SF_2497,56,FEMALE,INDIA,Free,224,Tablet
SF_2498,42,MALE,INDIA,Subscriber,249,Smart TV
SF_2499,12,MALE,CANADA,Free,381,Tablet
SF_2500,19,MALE,USA,Free,474,Mobile
SF_2501,44,MALE,INDIA,Subscriber,26,Mobile
SF_2502,56,MALE,CANADA,Subscriber,243,Desktop
SF_2503,27,MALE,UK,Subscriber,38,Tablet
SF_2504,42,MALE,ITALY,Subscriber,320,Mobile
SF_2505,18,MALE,INDIA,Free,281,Mobile
SF_2506,37,FEMALE,CANADA,Subscriber,176,Tablet
SF_2507,32,MALE,CANADA,Subscriber,325,Tablet
SF_2508,29,FEMALE,UK,Subscriber,431,Mobile
SF_2509,30,MALE,ITALY,Subscriber,118,Tablet
SF_2510,15,MALE,INDIA,Free,349,Smart TV
SF_2511,30,MALE,FRANCE,Subscriber,107,Desktop
SF_2512,20,FEMALE,USA,Subscriber,206,Tablet
SF_2513,41,MALE,UK,Free,109,Desktop
SF_2514,19,MALE,ITALY,Subscriber,303,Mobile
SF_2515,25,MALE,USA,Subscriber,198,Smart TV
SF_2516,12,FEMALE,CANADA,Subscriber,427,Mobile
SF_2517,25,FEMALE,INDIA,Free,37,Desktop
SF_2518,23,MALE,FRANCE,Subscriber,338,Tablet
SF_2519,51,FEMALE,FRANCE,Subscriber,369,Tablet
SF_2520,37,FEMALE,USA,Subscriber,272,Desktop
SF_2521,10,MALE,UK,Subscriber,417,Mobile
SF_2522,56,MALE,ITALY,Free,205,Tablet
SF_2523,39,MALE,ITALY,Free,242,Desktop
SF_2524,64,FEMALE,FRANCE,Free,77,Mobile
SF_2525,57,FEMALE,INDIA,Subscriber,432,Tablet
SF_2526,44,MALE,ITALY,Free,236,Desktop
SF_2527,20,MALE,USA,Subscriber,374,Mobile
SF_2528,51,MALE,CANADA,Free,458,Mobile
SF_2529,14,FEMALE,ITALY,Subscriber,215,Tablet
SF_2530,22,MALE,ITALY,Free,117,Mobile
SF_2531,21,FEMALE,FRANCE,Free,433,Smart TV
SF_2532,32,FEMALE,INDIA,Subscriber,48,Mobile
SF_2533,17,FEMALE,UK,Subscriber,172,Mobile
SF_2534,47,FEMALE,FRANCE,Free,441,Desktop
SF_2535,30,FEMALE,ITALY,Free,54,Mobile
SF_2536,39,MALE,FRANCE,Free,137,Mobile
SF_2537,26,MALE,FRANCE,Free,296,Mobile
SF_2538,20,MALE,CANADA,Subscriber,401,Desktop
SF_2539,47,MALE,FRANCE,Subscriber,399,Mobile
SF_2540,10,FEMALE,INDIA,Subscriber,422,Smart TV
SF_2541,52,FEMALE,INDIA,Subscriber,85,Mobile
SF_2542,28,FEMALE,FRANCE,Free,412,Mobile
SF_2543,27,FEMALE,USA,Subscriber,477,Desktop
SF_2544,15,MALE,ITALY,Free,388,Tablet
SF_2545,53,MALE,USA,Subscriber,140,Smart TV
SF_2546,33,FEMALE,ITALY,Free,323,Mobile
SF_2547,61,FEMALE,INDIA,Subscriber,378,Tablet
SF_2548,32,FEMALE,FRANCE,Free,352,Smart TV
SF_2549,13,MALE,USA,Free,317,Tablet
SF_2550,16,MALE,INDIA,Free,249,Smart TV
SF_2551,50,MALE,UK,Subscriber,67,Mobile
SF_2552,12,FEMALE,ITALY,Free,88,Tablet
SF_2553,47,MALE,UK,Free,307,Smart TV
SF_2554,27,MALE,UK,Subscriber,74,Smart TV
SF_2555,15,MALE,UK,Free,340,Smart TV
SF_2556,12,MALE,ITALY,Free,364,Smart TV
SF_2557,62,FEMALE,ITALY,Free,238,Tablet
SF_2558,18,MALE,USA,Free,218,Smart TV
SF_2559,51,MALE,CANADA,Subscriber,399,Mobile
SF_2560,48,FEMALE,FRANCE,Subscriber,104,Smart TV
SF_2561,15,MALE,INDIA,Subscriber,75,Tablet
SF_2562,63,MALE,USA,Free,67,Smart TV
SF_2563,39,MALE,UK,Free,175,Mobile
SF_2564,48,FEMALE,FRANCE,Subscriber,212,Tablet
SF_2565,59,MALE,CANADA,Free,35,Desktop
SF_2566,48,MALE,UK,Subscriber,153,Mobile
SF_2567,47,MALE,CANADA,Free,71,Mobile
SF_2568,51,MALE,USA,Free,171,Tablet
SF_2569,47,MALE,UK,Free,359,Smart TV
SF_2570,14,FEMALE,CANADA,Subscriber,410,Desktop
SF_2571,44,MALE,INDIA,Free,183,Tablet
SF_2572,20,MALE,USA,Free,413,Desktop
SF_2573,21,MALE,UK,Free,164,Mobile
SF_2574,21,MALE,ITALY,Free,337,Desktop
SF_2575,17,MALE,USA,Subscriber,75,Mobile
SF_2576,17,MALE,INDIA,Free,160,Tablet
SF_2577,37,MALE,UK,Free,314,Mobile
SF_2578,42,MALE,INDIA,Subscriber,138,Desktop
SF_2579,63,MALE,CANADA,Free,383,Tablet
SF_2580,25,FEMALE,USA,Free,442,Desktop
SF_2581,29,MALE,UK,Free,467,Desktop
SF_2582,47,FEMALE,UK,Free,352,Desktop
SF_2583,28,MALE,USA,Subscriber,412,Smart TV
SF_2584,19,FEMALE,INDIA,Subscriber,155,Desktop
SF_2585,58,MALE,INDIA,Subscriber,398,Desktop
SF_2586,49,MALE,INDIA,Subscriber,211,Mobile
SF_2587,35,MALE,ITALY,Free,89,Smart TV
SF_2588,30,FEMALE,CANADA,Subscriber,98,Mobile
SF_2589,44,MALE,INDIA,Subscriber,438,Smart TV
SF_2590,44,MALE,UK,Subscriber,267,Tablet
SF_2591,20,MALE,USA,Subscriber,211,Tablet
SF_2592,63,MALE,ITALY,Free,400,Smart TV
SF_2593,61,MALE,ITALY,Subscriber,442,Mobile
SF_2594,56,MALE,ITALY,Subscriber,351,Smart TV
SF_2595,33,MALE,FRANCE,Free,326,Mobile
SF_2596,20,MALE,FRANCE,Subscriber,63,Tablet
SF_2597,49,FEMALE,INDIA,Subscriber,276,Mobile
SF_2598,56,MALE,CANADA,Subscriber,241,Desktop
SF_2599,33,MALE,INDIA,Free,96,Smart TV
SF_2600,14,MALE,USA,Free,251,Desktop
SF_2601,20,MALE,FRANCE,Free,339,Tablet
SF_2602,57,MALE,INDIA,Free,438,Desktop
SF_2603,62,MALE,UK,Free,224,Desktop
SF_2604,15,MALE,FRANCE,Free,172,Desktop
SF_2605,19,MALE,UK,Subscriber,58,Mobile
SF_2606,18,MALE,USA,Free,422,Mobile
SF_2607,41,FEMALE,CANADA,Free,281,Tablet
SF_2608,13,FEMALE,FRANCE,Subscriber,69,Mobile
SF_2609,45,FEMALE,FRANCE,Free,195,Tablet
SF_2610,63,MALE,USA,Subscriber,401,Mobile
SF_2611,39,MALE,INDIA,Subscriber,236,Mobile
SF_2612,16,FEMALE,USA,Subscriber,371,Desktop
SF_2613,12,MALE,INDIA,Subscriber,60,Smart TV
SF_2614,51,MALE,INDIA,Free,184,Desktop
SF_2615,46,MALE,USA,Subscriber,141,Tablet
SF_2616,37,MALE,FRANCE,Subscriber,243,Desktop
SF_2617,30,FEMALE,INDIA,Free,370,Smart TV
SF_2618,28,FEMALE,ITALY,Free,466,Tablet
SF_2619,50,MALE,FRANCE,Subscriber,33,Tablet
SF_2620,16,MALE,UK,Free,138,Tablet
SF_2621,45,MALE,UK,Free,357,Desktop
SF_2622,46,FEMALE,USA,Free,129,Desktop
SF_2623,21,MALE,CANADA,Free,167,Mobile
SF_2624,34,FEMALE,CANADA,Subscriber,102,Mobile
SF_2625,27,MALE,CANADA,Subscriber,129,Smart TV
SF_2626,32,MALE,FRANCE,Free,251,Smart TV
SF_2627,46,MALE,CANADA,Subscriber,303,Tablet
SF_2628,16,FEMALE,UK,Free,421,Mobile
SF_2629,13,MALE,FRANCE,Subscriber,33,Mobile
SF_2630,51,FEMALE,INDIA,Subscriber,158,Tablet
SF_2631,50,FEMALE,FRANCE,Free,126,Tablet
SF_2632,37,MALE,USA,Free,245,Smart TV
SF_2633,50,FEMALE,UK,Subscriber,202,Tablet
SF_2634,43,MALE,CANADA,Subscriber,11,Smart TV
SF_2635,64,MALE,INDIA,Free,411,Desktop
SF_2636,46,MALE,FRANCE,Free,245,Smart TV
SF_2637,59,FEMALE,CANADA,Subscriber,79,Smart TV
SF_2638,64,MALE,CANADA,Free,141,Tablet
SF_2639,30,FEMALE,UK,Free,233,Smart TV
SF_2640,56,MALE,CANADA,Subscriber,57,Desktop
SF_2641,38,MALE,USA,Subscriber,101,Desktop
SF_2642,43,MALE,INDIA,Free,375,Desktop
SF_2643,22,MALE,UK,Free,171,Tablet
SF_2644,48,MALE,ITALY,Subscriber,136,Desktop
SF_2645,42,MALE,CANADA,Subscriber,56,Tablet
SF_2646,39,MALE,FRANCE,Subscriber,257,Desktop
SF_2647,60,FEMALE,INDIA,Subscriber,65,Tablet
SF_2648,48,MALE,FRANCE,Subscriber,127,Mobile
SF_2649,11,MALE,FRANCE,Free,23,Smart TV
SF_2650,10,MALE,INDIA,Free,179,Smart TV
SF_2651,14,MALE,UK,Free,154,Mobile
SF_2652,47,MALE,FRANCE,Free,291,Tablet
SF_2653,61,MALE,ITALY,Free,253,Mobile
SF_2654,25,FEMALE,USA,Free,464,Tablet
SF_2655,19,MALE,USA,Subscriber,231,Mobile
SF_2656,40,MALE,USA,Subscriber,37,Mobile
SF_2657,22,FEMALE,INDIA,Free,96,Mobile
SF_2658,21,MALE,FRANCE,Free,143,Tablet
SF_2659,21,MALE,INDIA,Free,108,Desktop
SF_2660,44,MALE,FRANCE,Free,488,Mobile
SF_2661,37,MALE,INDIA,Free,223,Tablet
SF_2662,26,MALE,USA,Free,485,Mobile
SF_2663,29,FEMALE,FRANCE,Subscriber,292,Mobile
SF_2664,37,MALE,UK,Subscriber,24,Tablet
SF_2665,39,MALE,FRANCE,Subscriber,34,Tablet
SF_2666,54,MALE,INDIA,Free,296,Mobile
SF_2667,41,FEMALE,ITALY,Subscriber,498,Mobile
SF_2668,48,FEMALE,CANADA,Subscriber,417,Tablet
SF_2669,46,MALE,FRANCE,Subscriber,482,Tablet
SF_2670,21,MALE,USA,Subscriber,431,Desktop
SF_2671,60,FEMALE,CANADA,Subscriber,86,Mobile
SF_2672,12,MALE,CANADA,Free,284,Smart TV
SF_2673,30,MALE,FRANCE,Subscriber,472,Tablet
SF_2674,10,MALE,CANADA,Free,67,Tablet
SF_2675,26,MALE,INDIA,Subscriber,138,Smart TV
SF_2676,48,MALE,CANADA,Free,183,Smart TV
SF_2677,30,FEMALE,FRANCE,Subscriber,87,Smart TV
SF_2678,25,MALE,UK,Free,488,Mobile
SF_2679,30,FEMALE,ITALY,Free,480,Tablet
SF_2680,43,MALE,FRANCE,Free,141,Desktop
SF_2681,45,FEMALE,INDIA,Free,110,Tablet
SF_2682,53,MALE,FRANCE,Free,52,Desktop
SF_2683,58,MALE,CANADA,Subscriber,459,Mobile
SF_2684,11,FEMALE,ITALY,Subscriber,321,Desktop
SF_2685,13,MALE,UK,Subscriber,175,Desktop
SF_2686,18,MALE,USA,Free,157,Tablet
SF_2687,32,MALE,INDIA,Free,45,Mobile
SF_2688,11,MALE,FRANCE,Free,39,Smart TV
SF_2689,46,MALE,FRANCE,Subscriber,47,Desktop
SF_2690,50,MALE,CANADA,Free,386,Smart TV
SF_2691,36,MALE,UK,Free,480,Tablet
SF_2692,55,FEMALE,CANADA,Subscriber,236,Smart TV
SF_2693,32,MALE,ITALY,Free,18,Mobile
SF_2694,23,MALE,CANADA,Free,224,Smart TV
SF_2695,60,MALE,CANADA,Free,465,Mobile
SF_2696,20,MALE,INDIA,Subscriber,372,Tablet
SF_2697,12,FEMALE,CANADA,Subscriber,82,Smart TV
SF_2698,17,FEMALE,INDIA,Subscriber,427,Tablet
SF_2699,59,FEMALE,ITALY,Free,205,Tablet
SF_2700,25,MALE,CANADA,Subscriber,400,Smart TV
SF_2701,28,MALE,CANADA,Subscriber,258,Desktop
SF_2702,21,MALE,CANADA,Subscriber,420,Smart TV
SF_2703,51,MALE,INDIA,Subscriber,219,Tablet
SF_2704,46,MALE,FRANCE,Subscriber,130,Desktop
SF_2705,10,MALE,FRANCE,Subscriber,468,Mobile
SF_2706,59,FEMALE,FRANCE,Subscriber,26,Mobile
SF_2707,53,MALE,FRANCE,Free,395,Mobile
SF_2708,22,MALE,CANADA,Free,178,Smart TV
SF_2709,21,FEMALE,ITALY,Free,232,Smart TV
SF_2710,36,MALE,ITALY,Free,281,Mobile
SF_2711,55,FEMALE,INDIA,Free,347,Desktop
SF_2712,52,FEMALE,USA,Subscriber,173,Smart TV
SF_2713,22,MALE,ITALY,Subscriber,110,Tablet
SF_2714,65,MALE,INDIA,Free,365,Smart TV
SF_2715,44,FEMALE,INDIA,Free,44,Smart TV
SF_2716,41,FEMALE,ITALY,Free,488,Mobile
SF_2717,37,MALE,ITALY,Subscriber,63,Tablet
SF_2718,31,FEMALE,FRANCE,Free,183,Tablet
SF_2719,60,MALE,USA,Free,38,Smart TV
SF_2720,9,MALE,FRANCE,Free,142,Desktop
SF_2721,65,MALE,CANADA,Free,132,Smart TV
SF_2722,38,MALE,UK,Subscriber,231,Smart TV
SF_2723,31,FEMALE,ITALY,Free,466,Smart TV
SF_2724,19,FEMALE,INDIA,Free,64,Desktop
SF_2725,30,MALE,INDIA,Free,61,Tablet
SF_2726,12,MALE,CANADA,Subscriber,277,Tablet
SF_2727,45,MALE,INDIA,Free,330,Smart TV
SF_2728,45,MALE,CANADA,Subscriber,395,Mobile
SF_2729,16,MALE,CANADA,Subscriber,321,Tablet
SF_2730,28,MALE,CANADA,Free,499,Mobile
SF_2731,28,MALE,ITALY,Free,70,Tablet
SF_2732,11,MALE,UK,Subscriber,360,Desktop
SF_2733,17,MALE,FRANCE,Free,40,Tablet
SF_2734,64,FEMALE,CANADA,Free,210,Smart TV
SF_2735,25,MALE,UK,Free,101,Smart TV
SF_2736,21,MALE,FRANCE,Subscriber,189,Desktop
SF_2737,19,MALE,USA,Free,191,Smart TV
SF_2738,62,FEMALE,ITALY,Free,398,Tablet
SF_2739,42,FEMALE,INDIA,Free,336,Smart TV
SF_2740,29,MALE,INDIA,Free,252,Desktop
SF_2741,50,MALE,INDIA,Subscriber,395,Desktop
SF_2742,60,MALE,FRANCE,Free,251,Tablet
SF_2743,45,MALE,ITALY,Subscriber,446,Desktop
SF_2744,50,MALE,FRANCE,Free,464,Desktop
SF_2745,43,FEMALE,CANADA,Subscriber,15,Smart TV
SF_2746,11,MALE,USA,Subscriber,105,Desktop
SF_2747,59,FEMALE,USA,Free,153,Smart TV
SF_2748,26,MALE,USA,Free,490,Desktop
SF_2749,60,MALE,UK,Free,126,Mobile
SF_2750,25,FEMALE,USA,Subscriber,431,Tablet
SF_2751,50,FEMALE,FRANCE,Free,249,Desktop
SF_2752,45,MALE,ITALY,Free,53,Smart TV
SF_2753,23,FEMALE,FRANCE,Subscriber,115,Mobile
SF_2754,59,MALE,FRANCE,Subscriber,239,Smart TV
SF_2755,61,MALE,INDIA,Free,169,Desktop
SF_2756,14,MALE,FRANCE,Subscriber,419,Desktop
SF_2757,31,MALE,CANADA,Subscriber,98,Mobile
SF_2758,42,MALE,ITALY,Free,99,Mobile
SF_2759,12,MALE,CANADA,Subscriber,236,Tablet
SF_2760,27,MALE,FRANCE,Free,35,Mobile
SF_2761,65,MALE,USA,Free,91,Smart TV
SF_2762,53,MALE,USA,Free,476,Mobile
SF_2763,14,FEMALE,CANADA,Free,372,Tablet
SF_2764,43,MALE,CANADA,Subscriber,393,Tablet
SF_2765,32,MALE,CANADA,Subscriber,91,Mobile
SF_2766,44,MALE,UK,Free,456,Mobile
SF_2767,28,MALE,UK,Subscriber,137,Smart TV
SF_2768,10,MALE,INDIA,Subscriber,345,Desktop
SF_2769,23,MALE,INDIA,Subscriber,350,Desktop
SF_2770,44,MALE,UK,Free,451,Mobile
SF_2771,55,MALE,ITALY,Free,95,Desktop
SF_2772,54,MALE,ITALY,Subscriber,318,Desktop
SF_2773,64,MALE,INDIA,Subscriber,162,Tablet
SF_2774,16,MALE,UK,Free,331,Desktop
SF_2775,62,FEMALE,FRANCE,Subscriber,427,Smart TV
SF_2776,34,MALE,UK,Free,195,Tablet
SF_2777,30,MALE,USA,Free,139,Mobile
SF_2778,26,MALE,ITALY,Subscriber,236,Desktop
SF_2779,64,MALE,UK,Free,144,Mobile
SF_2780,60,MALE,USA,Subscriber,88,Desktop
SF_2781,31,MALE,FRANCE,Subscriber,342,Mobile
SF_2782,46,FEMALE,USA,Free,239,Mobile
SF_2783,31,MALE,CANADA,Subscriber,167,Smart TV
SF_2784,59,MALE,USA,Free,65,Mobile
SF_2785,31,MALE,INDIA,Free,487,Mobile
SF_2786,53,MALE,USA,Subscriber,451,Mobile
SF_2787,51,MALE,FRANCE,Subscriber,120,Smart TV
SF_2788,36,MALE,INDIA,Subscriber,20,Desktop
SF_2789,55,MALE,CANADA,Subscriber,318,Smart TV
SF_2790,32,MALE,CANADA,Subscriber,423,Tablet
SF_2791,46,MALE,INDIA,Free,467,Desktop
SF_2792,12,MALE,UK,Subscriber,471,Smart TV
SF_2793,38,MALE,UK,Free,328,Desktop
SF_2794,37,MALE,USA,Free,290,Desktop
SF_2795,39,MALE,INDIA,Free,359,Smart TV
SF_2796,10,MALE,ITALY,Subscriber,350,Smart TV
SF_2797,58,FEMALE,USA,Free,118,Desktop
SF_2798,22,MALE,FRANCE,Free,288,Mobile
SF_2799,34,MALE,INDIA,Subscriber,117,Desktop
SF_2800,60,FEMALE,UK,Free,393,Mobile
SF_2801,50,FEMALE,CANADA,Subscriber,261,Smart TV
SF_2802,57,MALE,CANADA,Free,68,Tablet
SF_2803,51,MALE,INDIA,Subscriber,307,Tablet
SF_2804,50,FEMALE,USA,Free,113,Smart TV
SF_2805,13,MALE,UK,Free,76,Mobile
SF_2806,60,MALE,CANADA,Subscriber,194,Tablet
SF_2807,30,FEMALE,USA,Subscriber,33,Desktop
SF_2808,30,MALE,UK,Subscriber,83,Smart TV
SF_2809,13,MALE,ITALY,Subscriber,291,Desktop
SF_2810,31,FEMALE,USA,Free,362,Smart TV
SF_2811,43,MALE,CANADA,Subscriber,421,Tablet
SF_2812,42,MALE,ITALY,Subscriber,123,Tablet
SF_2813,52,MALE,ITALY,Free,273,Mobile
SF_2814,19,MALE,USA,Free,442,Smart TV
SF_2815,59,MALE,USA,Free,271,Mobile
SF_2816,37,MALE,CANADA,Subscriber,219,Tablet
SF_2817,34,MALE,CANADA,Free,129,Tablet
SF_2818,28,MALE,UK,Subscriber,184,Desktop
SF_2819,50,MALE,ITALY,Subscriber,14,Tablet
SF_2820,56,FEMALE,INDIA,Free,14,Smart TV
SF_2821,59,MALE,FRANCE,Subscriber,326,Mobile
SF_2822,38,MALE,UK,Free,243,Desktop
SF_2823,33,MALE,INDIA,Subscriber,62,Mobile
SF_2824,44,MALE,INDIA,Subscriber,225,Tablet
SF_2825,60,FEMALE,INDIA,Subscriber,443,Tablet
SF_2826,29,MALE,USA,Subscriber,195,Desktop
SF_2827,41,MALE,FRANCE,Subscriber,492,Mobile
SF_2828,31,MALE,CANADA,Subscriber,152,Desktop
SF_2829,23,MALE,USA,Free,53,Tablet
SF_2830,23,MALE,USA,Free,66,Mobile
SF_2831,37,MALE,INDIA,Free,33,Tablet
SF_2832,63,MALE,CANADA,Subscriber,263,Mobile
SF_2833,41,MALE,ITALY,Subscriber,401,Tablet
SF_2834,32,MALE,ITALY,Subscriber,220,Tablet
SF_2835,44,MALE,ITALY,Subscriber,235,Smart TV
SF_2836,65,MALE,ITALY,Subscriber,82,Smart TV
SF_2837,61,MALE,CANADA,Subscriber,413,Mobile
SF_2838,38,MALE,INDIA,Subscriber,402,Desktop
SF_2839,53,MALE,USA,Subscriber,278,Desktop
SF_2840,57,MALE,INDIA,Free,319,Tablet
SF_2841,49,MALE,ITALY,Free,438,Tablet
SF_2842,36,MALE,INDIA,Subscriber,452,Smart TV
SF_2843,54,FEMALE,FRANCE,Free,223,Desktop
SF_2844,28,MALE,USA,Subscriber,76,Desktop
SF_2845,10,MALE,ITALY,Subscriber,464,Desktop
SF_2846,56,FEMALE,UK,Subscriber,77,Desktop
SF_2847,58,MALE,USA,Subscriber,240,Desktop
SF_2848,46,MALE,UK,Subscriber,174,Desktop
SF_2849,45,MALE,CANADA,Free,475,Desktop
SF_2850,58,MALE,USA,Free,345,Mobile
SF_2851,35,FEMALE,USA,Free,472,Mobile
SF_2852,23,MALE,ITALY,Subscriber,385,Tablet
SF_2853,48,MALE,ITALY,Subscriber,341,Smart TV
SF_2854,46,FEMALE,CANADA,Free,105,Mobile
SF_2855,11,MALE,UK,Subscriber,285,Smart TV
SF_2856,13,MALE,USA,Free,167,Mobile
SF_2857,49,MALE,CANADA,Subscriber,211,Desktop
SF_2858,33,FEMALE,CANADA,Subscriber,50,Mobile
SF_2859,43,MALE,ITALY,Free,252,Smart TV
SF_2860,11,MALE,INDIA,Free,468,Smart TV
SF_2861,26,MALE,UK,Subscriber,53,Smart TV
SF_2862,47,MALE,UK,Subscriber,226,Desktop
SF_2863,61,FEMALE,FRANCE,Subscriber,132,Desktop
SF_2864,57,FEMALE,USA,Free,258,Smart TV
SF_2865,25,FEMALE,UK,Subscriber,441,Desktop
SF_2866,58,MALE,USA,Free,31,Mobile
SF_2867,57,MALE,USA,Subscriber,211,Desktop
SF_2868,61,MALE,CANADA,Subscriber,425,Smart TV
SF_2869,10,MALE,FRANCE,Free,323,Desktop
SF_2870,45,MALE,INDIA,Free,434,Desktop
SF_2871,19,FEMALE,INDIA,Free,361,Smart TV
SF_2872,34,MALE,FRANCE,Subscriber,467,Smart TV
SF_2873,38,FEMALE,ITALY,Free,311,Mobile
SF_2874,22,FEMALE,CANADA,Free,113,Smart TV
SF_2875,35,MALE,UK,Subscriber,420,Tablet
SF_2876,46,MALE,USA,Subscriber,342,Desktop
SF_2877,52,MALE,FRANCE,Subscriber,416,Mobile
SF_2878,43,FEMALE,ITALY,Free,280,Mobile
SF_2879,54,MALE,UK,Subscriber,93,Mobile
SF_2880,26,MALE,FRANCE,Subscriber,70,Desktop
SF_2881,13,FEMALE,FRANCE,Subscriber,247,Smart TV
SF_2882,15,MALE,ITALY,Subscriber,374,Smart TV
SF_2883,14,MALE,INDIA,Free,156,Tablet
SF_2884,49,FEMALE,UK,Free,395,Tablet
SF_2885,44,FEMALE,INDIA,Free,333,Desktop
SF_2886,53,MALE,ITALY,Free,198,Desktop
SF_2887,48,MALE,USA,Free,195,Mobile
SF_2888,63,MALE,ITALY,Subscriber,83,Mobile
SF_2889,22,MALE,UK,Free,260,Desktop
SF_2890,32,MALE,CANADA,Subscriber,230,Mobile
SF_2891,65,FEMALE,ITALY,Free,475,Desktop
SF_2892,27,MALE,FRANCE,Free,35,Desktop
SF_2893,56,MALE,FRANCE,Free,163,Desktop
SF_2894,36,MALE,USA,Free,418,Mobile
SF_2895,12,MALE,ITALY,Free,360,Smart TV
SF_2896,30,MALE,UK,Free,217,Tablet
SF_2897,37,MALE,USA,Subscriber,430,Desktop
SF_2898,9,MALE,ITALY,Subscriber,61,Smart TV
SF_2899,35,MALE,UK,Free,323,Desktop
SF_2900,30,MALE,CANADA,Free,496,Smart TV
SF_2901,20,MALE,USA,Subscriber,176,Mobile
SF_2902,42,MALE,FRANCE,Free,426,Desktop
SF_2903,50,MALE,ITALY,Subscriber,372,Desktop
SF_2904,20,MALE,USA,Subscriber,144,Mobile
SF_2905,64,MALE,FRANCE,Subscriber,171,Mobile
SF_2906,17,MALE,CANADA,Subscriber,245,Mobile
SF_2907,25,FEMALE,FRANCE,Subscriber,399,Tablet
SF_2908,46,MALE,FRANCE,Subscriber,16,Mobile
SF_2909,51,MALE,FRANCE,Subscriber,326,Desktop
SF_2910,61,MALE,FRANCE,Free,87,Smart TV
SF_2911,17,FEMALE,FRANCE,Subscriber,279,Desktop
SF_2912,51,FEMALE,UK,Subscriber,245,Smart TV
SF_2913,9,FEMALE,INDIA,Free,463,Smart TV
SF_2914,55,MALE,UK,Free,370,Mobile
SF_2915,28,MALE,CANADA,Free,295,Smart TV
SF_2916,65,MALE,CANADA,Subscriber,157,Tablet
SF_2917,39,MALE,UK,Free,153,Desktop
SF_2918,19,MALE,USA,Subscriber,86,Smart TV
SF_2919,11,MALE,USA,Subscriber,145,Tablet
SF_2920,25,MALE,USA,Free,192,Tablet
SF_2921,18,MALE,CANADA,Free,218,Mobile
SF_2922,40,MALE,CANADA,Free,276,Tablet
SF_2923,42,MALE,USA,Subscriber,265,Desktop
SF_2924,58,FEMALE,INDIA,Subscriber,482,Tablet
SF_2925,32,FEMALE,USA,Subscriber,368,Desktop
SF_2926,61,FEMALE,FRANCE,Free,224,Desktop
SF_2927,12,MALE,UK,Subscriber,58,Desktop
SF_2928,13,MALE,INDIA,Subscriber,313,Desktop
SF_2929,37,MALE,UK,Free,35,Desktop
SF_2930,63,MALE,USA,Free,135,Smart TV
SF_2931,44,MALE,ITALY,Subscriber,267,Tablet
SF_2932,58,MALE,INDIA,Subscriber,273,Tablet
SF_2933,26,MALE,USA,Free,389,Tablet
SF_2934,27,FEMALE,INDIA,Subscriber,384,Desktop
SF_2935,42,MALE,CANADA,Free,321,Desktop
SF_2936,34,FEMALE,FRANCE,Free,107,Mobile
SF_2937,57,FEMALE,FRANCE,Subscriber,243,Smart TV
SF_2938,35,FEMALE,CANADA,Free,363,Tablet
SF_2939,31,FEMALE,FRANCE,Free,485,Tablet
SF_2940,48,MALE,UK,Free,45,Mobile
SF_2941,58,MALE,CANADA,Subscriber,149,Desktop
SF_2942,56,FEMALE,USA,Subscriber,10,Desktop
SF_2943,27,MALE,INDIA,Free,311,Smart TV
SF_2944,55,FEMALE,USA,Free,282,Desktop
SF_2945,50,FEMALE,ITALY,Subscriber,200,Tablet
SF_2946,23,MALE,INDIA,Free,273,Tablet
SF_2947,32,FEMALE,UK,Free,102,Mobile
SF_2948,64,MALE,ITALY,Free,495,Smart TV
SF_2949,14,MALE,UK,Free,376,Mobile
SF_2950,52,MALE,ITALY,Subscriber,90,Smart TV
SF_2951,64,FEMALE,INDIA,Free,34,Desktop
SF_2952,45,MALE,ITALY,Subscriber,408,Smart TV
SF_2953,15,MALE,UK,Free,87,Mobile
SF_2954,38,MALE,ITALY,Subscriber,493,Mobile
SF_2955,28,MALE,CANADA,Subscriber,404,Desktop
SF_2956,31,MALE,CANADA,Free,490,Mobile
SF_2957,28,MALE,ITALY,Subscriber,311,Smart TV
SF_2958,65,MALE,CANADA,Free,461,Smart TV
SF_2959,40,MALE,USA,Subscriber,305,Smart TV
SF_2960,21,MALE,CANADA,Free,140,Smart TV
SF_2961,17,MALE,CANADA,Free,54,Mobile
SF_2962,19,MALE,UK,Subscriber,309,Mobile
SF_2963,9,FEMALE,USA,Subscriber,449,Smart TV
SF_2964,28,MALE,UK,Subscriber,266,Tablet
SF_2965,39,FEMALE,FRANCE,Free,119,Desktop
SF_2966,19,FEMALE,INDIA,Free,276,Smart TV
SF_2967,44,MALE,UK,Free,475,Smart TV
SF_2968,20,FEMALE,ITALY,Free,400,Mobile
SF_2969,39,MALE,FRANCE,Subscriber,343,Mobile
SF_2970,45,MALE,USA,Subscriber,86,Desktop
SF_2971,48,MALE,UK,Free,169,Tablet
SF_2972,45,MALE,INDIA,Subscriber,131,Mobile
SF_2973,49,FEMALE,CANADA,Subscriber,390,Tablet
SF_2974,15,MALE,USA,Subscriber,426,Mobile
SF_2975,19,MALE,FRANCE,Free,424,Tablet
SF_2976,42,MALE,ITALY,Free,389,Tablet
SF_2977,19,FEMALE,CANADA,Subscriber,285,Smart TV
SF_2978,30,MALE,INDIA,Free,202,Tablet
SF_2979,23,MALE,CANADA,Subscriber,313,Desktop
SF_2980,65,MALE,USA,Subscriber,481,Mobile
SF_2981,18,MALE,INDIA,Subscriber,263,Tablet
SF_2982,51,MALE,CANADA,Subscriber,388,Desktop
SF_2983,64,MALE,INDIA,Subscriber,369,Desktop
SF_2984,64,MALE,ITALY,Subscriber,262,Smart TV
SF_2985,54,MALE,FRANCE,Free,159,Desktop
SF_2986,14,MALE,FRANCE,Subscriber,334,Desktop
SF_2987,28,MALE,INDIA,Free,12,Desktop
SF_2988,24,FEMALE,INDIA,Free,79,Tablet
SF_2989,43,MALE,CANADA,Free,439,Tablet
SF_2990,30,MALE,FRANCE,Subscriber,44,Tablet
SF_2991,42,MALE,USA,Subscriber,445,Smart TV
SF_2992,24,MALE,INDIA,Subscriber,154,Smart TV
SF_2993,43,MALE,FRANCE,Subscriber,92,Mobile
SF_2994,51,MALE,ITALY,Free,46,Tablet
SF_2995,54,MALE,ITALY,Free,137,Smart TV
SF_2996,16,MALE,INDIA,Subscriber,369,Mobile
SF_2997,58,FEMALE,UK,Free,101,Tablet
SF_2998,38,FEMALE,INDIA,Subscriber,245,Smart TV
SF_2999,42,MALE,UK,Free,423,Tablet
SF_3000,21,MALE,USA,Subscriber,63,Smart TV
SF_3001,64,MALE,INDIA,Subscriber,34,Tablet
SF_3002,53,MALE,INDIA,Subscriber,129,Tablet
SF_3003,44,MALE,ITALY,Free,28,Smart TV
SF_3004,49,FEMALE,ITALY,Free,363,Desktop
SF_3005,39,MALE,UK,Free,214,Mobile
SF_3006,10,MALE,FRANCE,Subscriber,173,Smart TV
SF_3007,45,MALE,INDIA,Subscriber,55,Smart TV
SF_3008,24,MALE,CANADA,Subscriber,417,Tablet
SF_3009,53,FEMALE,FRANCE,Subscriber,32,Smart TV
SF_3010,23,MALE,ITALY,Free,293,Tablet
SF_3011,25,MALE,FRANCE,Subscriber,55,Smart TV
SF_3012,17,MALE,USA,Free,423,Mobile
SF_3013,37,MALE,INDIA,Subscriber,421,Smart TV
SF_3014,49,MALE,USA,Subscriber,82,Tablet
SF_3015,30,MALE,CANADA,Subscriber,471,Desktop
SF_3016,55,MALE,CANADA,Free,465,Desktop
SF_3017,18,FEMALE,ITALY,Free,49,Smart TV
SF_3018,52,MALE,UK,Subscriber,271,Mobile
SF_3019,13,MALE,FRANCE,Free,329,Mobile
SF_3020,11,FEMALE,USA,Free,58,Desktop
SF_3021,50,FEMALE,FRANCE,Subscriber,276,Desktop
SF_3022,60,MALE,UK,Free,405,Tablet
SF_3023,45,FEMALE,UK,Subscriber,134,Mobile
SF_3024,51,MALE,UK,Subscriber,66,Desktop
SF_3025,40,FEMALE,CANADA,Subscriber,393,Smart TV
SF_3026,25,FEMALE,INDIA,Free,237,Mobile
SF_3027,40,MALE,UK,Free,165,Desktop
SF_3028,60,MALE,USA,Subscriber,25,Desktop
SF_3029,22,MALE,USA,Subscriber,163,Smart TV
SF_3030,36,MALE,INDIA,Subscriber,258,Mobile
SF_3031,19,MALE,UK,Free,23,Smart TV
SF_3032,36,MALE,CANADA,Subscriber,324,Desktop
SF_3033,17,MALE,ITALY,Subscriber,378,Mobile
SF_3034,41,FEMALE,UK,Free,310,Tablet
SF_3035,23,FEMALE,ITALY,Free,189,Mobile
SF_3036,15,MALE,CANADA,Free,247,Smart TV
SF_3037,20,FEMALE,UK,Subscriber,28,Desktop
SF_3038,26,FEMALE,UK,Subscriber,337,Smart TV
SF_3039,64,FEMALE,USA,Free,92,Smart TV
SF_3040,62,MALE,INDIA,Free,461,Mobile
SF_3041,45,MALE,CANADA,Subscriber,480,Smart TV
SF_3042,33,MALE,USA,Subscriber,45,Smart TV
SF_3043,26,MALE,FRANCE,Subscriber,222,Smart TV
SF_3044,33,MALE,CANADA,Subscriber,433,Mobile
SF_3045,46,MALE,UK,Free,95,Tablet
SF_3046,26,MALE,USA,Free,383,Desktop
SF_3047,32,FEMALE,INDIA,Subscriber,287,Desktop
SF_3048,20,MALE,USA,Free,329,Smart TV
SF_3049,15,FEMALE,USA,Subscriber,355,Mobile
SF_3050,37,MALE,ITALY,Free,40,Desktop
SF_3051,15,MALE,CANADA,Free,74,Desktop
SF_3052,39,MALE,UK,Free,489,Desktop
SF_3053,34,FEMALE,ITALY,Free,469,Smart TV
SF_3054,23,MALE,UK,Subscriber,181,Smart TV
SF_3055,38,FEMALE,USA,Subscriber,106,Tablet
SF_3056,15,MALE,ITALY,Free,36,Desktop
SF_3057,53,FEMALE,CANADA,Free,487,Smart TV
SF_3058,45,MALE,ITALY,Subscriber,428,Smart TV
SF_3059,62,MALE,UK,Subscriber,411,Desktop
SF_3060,63,FEMALE,FRANCE,Subscriber,225,Desktop
SF_3061,30,MALE,INDIA,Subscriber,278,Tablet
SF_3062,15,MALE,UK,Subscriber,97,Desktop
SF_3063,46,MALE,UK,Free,481,Tablet
SF_3064,21,MALE,CANADA,Free,60,Tablet
SF_3065,31,FEMALE,CANADA,Subscriber,292,Desktop
SF_3066,65,MALE,ITALY,Subscriber,276,Mobile
SF_3067,20,FEMALE,CANADA,Free,465,Tablet
SF_3068,10,FEMALE,INDIA,Subscriber,295,Mobile
SF_3069,51,MALE,INDIA,Free,32,Desktop
SF_3070,31,FEMALE,ITALY,Free,106,Smart TV
SF_3071,63,MALE,ITALY,Free,369,Mobile
SF_3072,49,MALE,USA,Subscriber,30,Tablet
SF_3073,24,MALE,CANADA,Subscriber,171,Tablet
SF_3074,11,MALE,FRANCE,Free,88,Mobile
SF_3075,52,FEMALE,USA,Subscriber,67,Tablet
SF_3076,10,MALE,CANADA,Free,148,Smart TV
SF_3077,53,MALE,UK,Free,381,Desktop
SF_3078,26,FEMALE,USA,Subscriber,421,Smart TV
SF_3079,11,FEMALE,UK,Subscriber,489,Smart TV
SF_3080,44,MALE,CANADA,Subscriber,217,Tablet
SF_3081,49,MALE,INDIA,Free,423,Mobile
SF_3082,41,FEMALE,CANADA,Free,497,Smart TV
SF_3083,47,FEMALE,USA,Subscriber,458,Smart TV
SF_3084,36,MALE,UK,Subscriber,342,Desktop
SF_3085,18,MALE,CANADA,Free,94,Desktop
SF_3086,54,MALE,UK,Subscriber,242,Smart TV
SF_3087,27,FEMALE,INDIA,Subscriber,315,Smart TV
SF_3088,41,FEMALE,FRANCE,Free,256,Tablet
SF_3089,46,MALE,CANADA,Subscriber,163,Desktop
SF_3090,51,MALE,CANADA,Subscriber,109,Desktop
SF_3091,64,FEMALE,CANADA,Free,336,Mobile
SF_3092,38,MALE,CANADA,Free,213,Tablet
SF_3093,25,FEMALE,FRANCE,Free,467,Desktop
SF_3094,55,MALE,USA,Free,293,Smart TV
SF_3095,33,FEMALE,UK,Subscriber,181,Smart TV
SF_3096,52,FEMALE,FRANCE,Free,459,Mobile
SF_3097,40,FEMALE,ITALY,Free,211,Mobile
SF_3098,21,MALE,ITALY,Free,59,Smart TV
SF_3099,35,MALE,ITALY,Subscriber,340,Smart TV
SF_3100,9,FEMALE,FRANCE,Subscriber,464,Desktop
SF_3101,50,MALE,FRANCE,Subscriber,406,Desktop
SF_3102,15,MALE,CANADA,Subscriber,480,Mobile
SF_3103,25,MALE,USA,Free,53,Mobile
SF_3104,55,MALE,FRANCE,Free,205,Smart TV
SF_3105,60,MALE,ITALY,Free,137,Desktop
SF_3106,33,MALE,FRANCE,Subscriber,124,Tablet
SF_3107,15,MALE,USA,Subscriber,399,Mobile
SF_3108,29,MALE,ITALY,Free,331,Tablet
SF_3109,35,FEMALE,UK,Free,184,Smart TV
SF_3110,18,MALE,USA,Free,19,Mobile
SF_3111,49,MALE,INDIA,Free,246,Smart TV
SF_3112,51,MALE,UK,Subscriber,19,Desktop
SF_3113,43,MALE,USA,Free,166,Smart TV
SF_3114,13,MALE,FRANCE,Subscriber,406,Desktop
SF_3115,10,MALE,USA,Subscriber,287,Tablet
SF_3116,46,MALE,USA,Subscriber,149,Smart TV
SF_3117,29,MALE,INDIA,Free,40,Mobile
SF_3118,33,MALE,CANADA,Free,52,Smart TV
SF_3119,31,MALE,UK,Subscriber,259,Tablet
SF_3120,16,MALE,FRANCE,Subscriber,35,Mobile
SF_3121,30,MALE,ITALY,Free,184,Desktop
SF_3122,55,FEMALE,USA,Free,268,Desktop
SF_3123,65,MALE,FRANCE,Free,236,Mobile
SF_3124,39,MALE,USA,Free,126,Desktop
SF_3125,58,MALE,INDIA,Free,191,Smart TV
SF_3126,37,MALE,CANADA,Subscriber,362,Desktop
SF_3127,43,FEMALE,USA,Subscriber,288,Smart TV
SF_3128,26,MALE,FRANCE,Subscriber,315,Mobile
SF_3129,55,MALE,FRANCE,Free,190,Mobile
SF_3130,53,MALE,USA,Subscriber,229,Desktop
SF_3131,25,FEMALE,FRANCE,Free,239,Smart TV
SF_3132,29,MALE,ITALY,Subscriber,186,Smart TV
SF_3133,30,MALE,UK,Free,348,Smart TV
SF_3134,16,MALE,UK,Free,76,Desktop
SF_3135,34,MALE,UK,Free,23,Mobile
SF_3136,9,FEMALE,USA,Subscriber,250,Desktop
SF_3137,60,MALE,CANADA,Subscriber,196,Mobile
SF_3138,38,MALE,UK,Free,212,Tablet
SF_3139,36,MALE,ITALY,Free,29,Desktop
SF_3140,27,FEMALE,INDIA,Subscriber,443,Desktop
SF_3141,48,MALE,INDIA,Free,197,Tablet
SF_3142,65,MALE,UK,Free,371,Smart TV
SF_3143,48,FEMALE,USA,Subscriber,196,Tablet
SF_3144,39,FEMALE,ITALY,Free,133,Tablet
SF_3145,40,MALE,CANADA,Free,221,Smart TV
SF_3146,20,MALE,INDIA,Free,41,Desktop
SF_3147,26,MALE,FRANCE,Subscriber,284,Smart TV
SF_3148,20,MALE,INDIA,Subscriber,452,Mobile
SF_3149,59,MALE,INDIA,Subscriber,367,Smart TV
SF_3150,9,FEMALE,USA,Free,427,Desktop
SF_3151,36,FEMALE,USA,Subscriber,400,Smart TV
SF_3152,45,MALE,USA,Free,442,Tablet
SF_3153,49,FEMALE,USA,Free,485,Tablet
SF_3154,29,FEMALE,UK,Free,437,Desktop
SF_3155,27,MALE,CANADA,Free,104,Desktop
SF_3156,33,MALE,ITALY,Subscriber,474,Mobile
SF_3157,57,MALE,ITALY,Subscriber,412,Desktop
SF_3158,57,MALE,ITALY,Subscriber,29,Mobile
SF_3159,46,FEMALE,ITALY,Free,42,Desktop
SF_3160,35,MALE,UK,Subscriber,453,Desktop
SF_3161,38,MALE,UK,Free,169,Smart TV
SF_3162,61,MALE,INDIA,Free,40,Desktop
SF_3163,32,MALE,FRANCE,Free,377,Mobile
SF_3164,22,MALE,UK,Subscriber,184,Mobile
SF_3165,18,MALE,ITALY,Subscriber,43,Tablet
SF_3166,36,MALE,UK,Subscriber,73,Mobile
SF_3167,13,MALE,CANADA,Free,456,Mobile
SF_3168,65,FEMALE,FRANCE,Free,437,Smart TV
SF_3169,32,MALE,ITALY,Free,462,Mobile
SF_3170,44,MALE,FRANCE,Subscriber,277,Mobile
SF_3171,51,FEMALE,INDIA,Free,161,Desktop
SF_3172,47,MALE,FRANCE,Subscriber,333,Mobile
SF_3173,32,MALE,FRANCE,Free,441,Mobile
SF_3174,31,FEMALE,FRANCE,Subscriber,239,Smart TV
SF_3175,30,MALE,ITALY,Subscriber,246,Mobile
SF_3176,10,MALE,CANADA,Subscriber,404,Tablet
SF_3177,64,FEMALE,FRANCE,Free,173,Desktop
SF_3178,40,FEMALE,ITALY,Subscriber,310,Mobile
SF_3179,32,FEMALE,INDIA,Free,108,Mobile
SF_3180,20,MALE,USA,Subscriber,338,Mobile
SF_3181,61,MALE,CANADA,Subscriber,84,Smart TV
SF_3182,44,MALE,FRANCE,Free,452,Desktop
SF_3183,65,MALE,UK,Subscriber,450,Tablet
SF_3184,33,FEMALE,ITALY,Free,171,Tablet
SF_3185,39,MALE,FRANCE,Free,403,Desktop
SF_3186,43,MALE,USA,Free,187,Mobile
SF_3187,20,MALE,USA,Subscriber,75,Smart TV
SF_3188,57,MALE,FRANCE,Free,355,Smart TV
SF_3189,11,MALE,CANADA,Free,378,Mobile
SF_3190,23,MALE,UK,Free,298,Tablet
SF_3191,9,MALE,UK,Free,250,Tablet
SF_3192,37,MALE,CANADA,Free,297,Tablet
SF_3193,26,MALE,ITALY,Free,110,Mobile
SF_3194,23,MALE,INDIA,Free,446,Tablet
SF_3195,39,MALE,FRANCE,Subscriber,145,Desktop
SF_3196,52,FEMALE,CANADA,Subscriber,301,Smart TV
SF_3197,49,FEMALE,UK,Subscriber,86,Desktop
SF_3198,27,MALE,INDIA,Subscriber,101,Smart TV
SF_3199,34,MALE,ITALY,Free,53,Mobile
SF_3200,11,FEMALE,FRANCE,Subscriber,78,Desktop
SF_3201,23,MALE,USA,Subscriber,390,Smart TV
SF_3202,55,FEMALE,UK,Free,134,Desktop
SF_3203,15,MALE,ITALY,Subscriber,10,Tablet
SF_3204,37,MALE,USA,Free,331,Tablet
SF_3205,28,FEMALE,USA,Subscriber,79,Desktop
SF_3206,38,MALE,CANADA,Subscriber,41,Smart TV
SF_3207,43,MALE,CANADA,Free,125,Mobile
SF_3208,38,MALE,FRANCE,Subscriber,373,Desktop
SF_3209,62,MALE,USA,Subscriber,146,Desktop
SF_3210,35,FEMALE,UK,Subscriber,184,Mobile
SF_3211,55,MALE,USA,Subscriber,258,Tablet
SF_3212,12,FEMALE,INDIA,Subscriber,190,Smart TV
SF_3213,44,FEMALE,CANADA,Free,332,Tablet
SF_3214,35,FEMALE,FRANCE,Free,153,Desktop
SF_3215,58,FEMALE,ITALY,Subscriber,480,Desktop
SF_3216,12,MALE,INDIA,Subscriber,43,Desktop
SF_3217,25,FEMALE,CANADA,Free,331,Smart TV
SF_3218,43,MALE,INDIA,Subscriber,463,Tablet
SF_3219,28,FEMALE,INDIA,Subscriber,104,Smart TV
SF_3220,17,MALE,USA,Free,438,Tablet
SF_3221,64,MALE,FRANCE,Free,190,Smart TV
SF_3222,59,MALE,CANADA,Subscriber,442,Tablet
SF_3223,12,MALE,USA,Free,66,Desktop
SF_3224,38,FEMALE,INDIA,Subscriber,394,Smart TV
SF_3225,32,MALE,INDIA,Free,495,Tablet
SF_3226,56,MALE,INDIA,Subscriber,410,Smart TV
SF_3227,56,FEMALE,ITALY,Subscriber,416,Tablet
SF_3228,16,MALE,USA,Free,447,Desktop
SF_3229,64,FEMALE,INDIA,Free,66,Mobile
SF_3230,41,MALE,UK,Free,446,Desktop
SF_3231,19,MALE,ITALY,Free,479,Desktop
SF_3232,40,MALE,INDIA,Free,12,Smart TV
SF_3233,62,MALE,CANADA,Free,213,Smart TV
SF_3234,53,FEMALE,FRANCE,Subscriber,158,Tablet
SF_3235,24,MALE,USA,Free,413,Smart TV
SF_3236,29,MALE,UK,Subscriber,231,Tablet
SF_3237,58,MALE,UK,Subscriber,414,Tablet
SF_3238,10,MALE,UK,Free,69,Tablet
SF_3239,48,FEMALE,USA,Free,301,Mobile
SF_3240,46,MALE,USA,Subscriber,196,Mobile
SF_3241,43,FEMALE,USA,Free,86,Mobile
SF_3242,26,MALE,ITALY,Subscriber,386,Mobile
SF_3243,13,MALE,CANADA,Free,109,Smart TV
SF_3244,26,FEMALE,ITALY,Subscriber,20,Tablet
SF_3245,44,MALE,USA,Free,209,Tablet
SF_3246,59,FEMALE,FRANCE,Subscriber,303,Tablet
SF_3247,57,MALE,CANADA,Subscriber,156,Desktop
SF_3248,59,FEMALE,INDIA,Subscriber,399,Desktop
SF_3249,21,FEMALE,UK,Free,403,Desktop
SF_3250,42,MALE,INDIA,Subscriber,492,Smart TV
SF_3251,12,MALE,FRANCE,Free,261,Smart TV
SF_3252,56,MALE,ITALY,Subscriber,13,Desktop
SF_3253,12,FEMALE,FRANCE,Subscriber,192,Tablet
SF_3254,32,FEMALE,CANADA,Subscriber,225,Desktop
SF_3255,17,FEMALE,ITALY,Free,329,Mobile
SF_3256,13,MALE,UK,Subscriber,375,Mobile
SF_3257,64,MALE,UK,Free,305,Desktop
SF_3258,46,MALE,ITALY,Subscriber,158,Mobile
SF_3259,14,FEMALE,CANADA,Free,10,Tablet
SF_3260,15,MALE,USA,Free,114,Mobile
SF_3261,52,MALE,CANADA,Subscriber,175,Desktop
SF_3262,62,MALE,FRANCE,Subscriber,436,Desktop
SF_3263,59,MALE,CANADA,Subscriber,287,Tablet
SF_3264,24,FEMALE,ITALY,Free,139,Desktop
SF_3265,47,MALE,USA,Free,98,Desktop
SF_3266,26,FEMALE,FRANCE,Subscriber,226,Tablet
SF_3267,34,MALE,FRANCE,Subscriber,305,Desktop
SF_3268,18,MALE,CANADA,Subscriber,312,Desktop
SF_3269,21,FEMALE,INDIA,Subscriber,242,Tablet
SF_3270,19,MALE,CANADA,Subscriber,287,Mobile
SF_3271,46,FEMALE,USA,Free,77,Smart TV
SF_3272,45,MALE,INDIA,Subscriber,247,Mobile
SF_3273,17,MALE,INDIA,Free,29,Tablet
SF_3274,10,MALE,USA,Subscriber,329,Tablet
SF_3275,35,MALE,FRANCE,Free,430,Smart TV
SF_3276,51,MALE,ITALY,Subscriber,179,Desktop
SF_3277,33,MALE,FRANCE,Subscriber,295,Tablet
SF_3278,33,MALE,ITALY,Free,40,Desktop
SF_3279,33,MALE,FRANCE,Subscriber,53,Tablet
SF_3280,54,MALE,FRANCE,Subscriber,319,Smart TV
SF_3281,28,MALE,INDIA,Subscriber,94,Tablet
SF_3282,63,MALE,USA,Free,351,Tablet
SF_3283,22,MALE,INDIA,Subscriber,379,Desktop
SF_3284,23,MALE,UK,Subscriber,276,Mobile
SF_3285,9,MALE,USA,Free,88,Smart TV
SF_3286,64,FEMALE,CANADA,Subscriber,347,Desktop
SF_3287,29,MALE,ITALY,Free,283,Mobile
SF_3288,63,MALE,ITALY,Subscriber,20,Mobile
SF_3289,62,MALE,FRANCE,Free,341,Mobile
SF_3290,33,MALE,CANADA,Subscriber,136,Desktop
SF_3291,61,FEMALE,ITALY,Free,199,Desktop
SF_3292,56,FEMALE,FRANCE,Subscriber,111,Mobile
SF_3293,38,MALE,CANADA,Free,219,Desktop
SF_3294,28,MALE,FRANCE,Free,220,Smart TV
SF_3295,28,MALE,USA,Subscriber,129,Smart TV
SF_3296,42,MALE,FRANCE,Subscriber,243,Tablet
SF_3297,38,MALE,FRANCE,Subscriber,254,Desktop
SF_3298,28,MALE,USA,Subscriber,273,Mobile
SF_3299,28,FEMALE,ITALY,Free,139,Desktop
SF_3300,29,MALE,FRANCE,Free,110,Tablet
SF_3301,55,FEMALE,UK,Free,337,Desktop
SF_3302,48,MALE,INDIA,Subscriber,94,Smart TV
SF_3303,46,MALE,INDIA,Free,88,Tablet
SF_3304,28,FEMALE,INDIA,Subscriber,286,Desktop
SF_3305,32,MALE,USA,Subscriber,258,Smart TV
SF_3306,19,MALE,FRANCE,Free,458,Desktop
SF_3307,13,MALE,CANADA,Free,78,Desktop
SF_3308,44,FEMALE,CANADA,Free,216,Smart TV
SF_3309,20,MALE,UK,Free,172,Tablet
SF_3310,19,MALE,FRANCE,Free,410,Smart TV
SF_3311,45,MALE,USA,Subscriber,219,Tablet
SF_3312,18,FEMALE,FRANCE,Free,485,Desktop
SF_3313,35,MALE,FRANCE,Subscriber,368,Tablet
SF_3314,43,MALE,UK,Free,420,Mobile
SF_3315,62,MALE,ITALY,Subscriber,476,Tablet
SF_3316,60,MALE,UK,Subscriber,496,Tablet
SF_3317,44,MALE,FRANCE,Subscriber,427,Mobile
SF_3318,42,MALE,CANADA,Free,121,Smart TV
SF_3319,15,FEMALE,FRANCE,Free,313,Desktop
SF_3320,26,MALE,USA,Free,395,Mobile
SF_3321,31,MALE,UK,Free,364,Tablet
SF_3322,30,FEMALE,USA,Free,245,Desktop
SF_3323,65,MALE,ITALY,Free,164,Tablet
SF_3324,45,MALE,ITALY,Subscriber,100,Smart TV
SF_3325,49,FEMALE,USA,Subscriber,75,Tablet
SF_3326,52,MALE,UK,Free,123,Desktop
SF_3327,64,MALE,INDIA,Free,100,Tablet
SF_3328,41,MALE,CANADA,Subscriber,225,Desktop
SF_3329,38,MALE,USA,Free,402,Desktop
SF_3330,36,FEMALE,INDIA,Free,216,Tablet
SF_3331,11,FEMALE,USA,Free,492,Desktop
SF_3332,55,MALE,ITALY,Free,27,Desktop
SF_3333,11,MALE,FRANCE,Free,107,Tablet
SF_3334,45,MALE,ITALY,Subscriber,82,Mobile
SF_3335,48,MALE,UK,Subscriber,183,Desktop
SF_3336,32,MALE,FRANCE,Subscriber,453,Mobile
SF_3337,38,MALE,FRANCE,Free,434,Mobile
SF_3338,52,MALE,FRANCE,Subscriber,417,Smart TV
SF_3339,57,MALE,USA,Free,91,Smart TV
SF_3340,64,MALE,INDIA,Free,427,Tablet
SF_3341,59,MALE,UK,Free,155,Smart TV
SF_3342,29,FEMALE,USA,Subscriber,459,Desktop
SF_3343,34,FEMALE,UK,Free,249,Desktop
SF_3344,61,MALE,USA,Free,376,Tablet
SF_3345,61,MALE,ITALY,Subscriber,208,Tablet
SF_3346,59,MALE,FRANCE,Subscriber,159,Mobile
SF_3347,51,FEMALE,UK,Free,319,Tablet
SF_3348,46,MALE,ITALY,Subscriber,364,Smart TV
SF_3349,62,FEMALE,INDIA,Free,118,Mobile
SF_3350,52,FEMALE,CANADA,Free,79,Mobile
SF_3351,22,FEMALE,ITALY,Free,383,Desktop
SF_3352,62,MALE,FRANCE,Free,94,Mobile
SF_3353,24,MALE,USA,Subscriber,206,Mobile
SF_3354,49,MALE,ITALY,Subscriber,67,Smart TV
SF_3355,27,MALE,USA,Free,215,Mobile
SF_3356,28,MALE,INDIA,Subscriber,86,Smart TV
SF_3357,61,MALE,INDIA,Subscriber,367,Desktop
SF_3358,10,FEMALE,FRANCE,Subscriber,453,Smart TV
SF_3359,11,MALE,CANADA,Free,219,Mobile
SF_3360,21,FEMALE,UK,Subscriber,265,Tablet
SF_3361,22,MALE,ITALY,Subscriber,163,Smart TV
SF_3362,10,FEMALE,USA,Free,191,Smart TV
SF_3363,28,FEMALE,UK,Free,462,Mobile
SF_3364,59,MALE,ITALY,Subscriber,351,Desktop
SF_3365,17,MALE,FRANCE,Free,281,Mobile
SF_3366,34,MALE,USA,Subscriber,375,Desktop
SF_3367,20,MALE,ITALY,Subscriber,355,Mobile
SF_3368,61,MALE,CANADA,Subscriber,493,Smart TV
SF_3369,39,MALE,USA,Subscriber,361,Smart TV
SF_3370,46,MALE,USA,Subscriber,35,Smart TV
SF_3371,44,MALE,UK,Subscriber,367,Smart TV
SF_3372,48,MALE,UK,Subscriber,331,Mobile
SF_3373,12,MALE,ITALY,Free,337,Smart TV
SF_3374,38,MALE,INDIA,Subscriber,353,Desktop
SF_3375,11,MALE,ITALY,Free,231,Tablet
SF_3376,25,MALE,ITALY,Free,388,Tablet
SF_3377,34,MALE,ITALY,Free,406,Smart TV
SF_3378,58,MALE,FRANCE,Subscriber,331,Smart TV
SF_3379,46,MALE,FRANCE,Free,423,Tablet
SF_3380,29,MALE,FRANCE,Subscriber,392,Desktop
SF_3381,49,MALE,ITALY,Free,337,Tablet
SF_3382,41,FEMALE,CANADA,Subscriber,422,Mobile
SF_3383,39,MALE,UK,Subscriber,424,Smart TV
SF_3384,17,MALE,USA,Free,295,Desktop
SF_3385,48,FEMALE,INDIA,Subscriber,400,Mobile
SF_3386,57,MALE,FRANCE,Free,317,Desktop
SF_3387,21,MALE,CANADA,Free,272,Tablet
SF_3388,41,FEMALE,ITALY,Free,400,Mobile
SF_3389,52,MALE,CANADA,Free,172,Smart TV
SF_3390,12,FEMALE,USA,Free,458,Desktop
SF_3391,25,MALE,USA,Free,394,Smart TV
SF_3392,11,MALE,INDIA,Free,65,Desktop
SF_3393,18,MALE,UK,Free,44,Desktop
SF_3394,58,MALE,UK,Free,356,Desktop
SF_3395,25,MALE,CANADA,Subscriber,98,Tablet
SF_3396,14,MALE,CANADA,Free,493,Desktop
SF_3397,59,MALE,UK,Subscriber,377,Mobile
SF_3398,56,MALE,INDIA,Free,195,Mobile
SF_3399,41,MALE,FRANCE,Free,441,Tablet
SF_3400,22,MALE,CANADA,Subscriber,164,Tablet
SF_3401,58,MALE,CANADA,Subscriber,53,Desktop
SF_3402,57,MALE,FRANCE,Free,389,Tablet
SF_3403,48,MALE,USA,Subscriber,25,Desktop
SF_3404,36,MALE,ITALY,Free,330,Mobile
SF_3405,9,MALE,CANADA,Free,129,Smart TV
SF_3406,45,FEMALE,CANADA,Subscriber,275,Smart TV
SF_3407,44,FEMALE,FRANCE,Subscriber,365,Desktop
SF_3408,20,MALE,CANADA,Subscriber,485,Mobile
SF_3409,32,MALE,INDIA,Subscriber,198,Mobile
SF_3410,30,MALE,INDIA,Free,67,Mobile
SF_3411,37,MALE,INDIA,Subscriber,223,Tablet
SF_3412,61,MALE,USA,Free,162,Mobile
SF_3413,11,FEMALE,UK,Free,498,Mobile
SF_3414,40,MALE,CANADA,Subscriber,128,Tablet
SF_3415,38,MALE,USA,Free,41,Smart TV
SF_3416,19,MALE,USA,Subscriber,169,Mobile
SF_3417,64,FEMALE,UK,Subscriber,366,Smart TV
SF_3418,35,FEMALE,ITALY,Free,205,Mobile
SF_3419,53,MALE,FRANCE,Subscriber,38,Tablet
SF_3420,43,FEMALE,ITALY,Subscriber,361,Desktop
SF_3421,45,MALE,ITALY,Free,477,Desktop
SF_3422,32,MALE,ITALY,Subscriber,157,Desktop
SF_3423,40,MALE,INDIA,Free,347,Desktop
SF_3424,62,MALE,ITALY,Free,221,Tablet
SF_3425,35,MALE,FRANCE,Subscriber,490,Smart TV
SF_3426,39,MALE,ITALY,Subscriber,252,Mobile
SF_3427,56,MALE,UK,Subscriber,323,Tablet
SF_3428,52,MALE,FRANCE,Subscriber,157,Tablet
SF_3429,16,FEMALE,ITALY,Subscriber,90,Desktop
SF_3430,16,FEMALE,USA,Subscriber,296,Smart TV
SF_3431,17,FEMALE,ITALY,Subscriber,459,Smart TV
SF_3432,41,MALE,USA,Subscriber,381,Tablet
SF_3433,30,MALE,USA,Free,223,Smart TV
SF_3434,20,MALE,ITALY,Subscriber,486,Smart TV
SF_3435,60,MALE,ITALY,Subscriber,421,Mobile
SF_3436,44,MALE,USA,Subscriber,319,Mobile
SF_3437,36,FEMALE,CANADA,Subscriber,317,Mobile
SF_3438,24,FEMALE,ITALY,Subscriber,105,Desktop
SF_3439,12,MALE,UK,Free,140,Smart TV
SF_3440,34,MALE,USA,Free,64,Smart TV
SF_3441,14,FEMALE,USA,Subscriber,453,Mobile
SF_3442,13,MALE,USA,Free,345,Tablet
SF_3443,64,FEMALE,FRANCE,Free,313,Smart TV
SF_3444,27,MALE,ITALY,Subscriber,248,Desktop
SF_3445,62,FEMALE,CANADA,Free,465,Desktop
SF_3446,14,MALE,UK,Subscriber,104,Desktop
SF_3447,41,MALE,USA,Free,18,Desktop
SF_3448,41,FEMALE,USA,Free,161,Mobile
SF_3449,46,MALE,USA,Free,143,Mobile
SF_3450,16,MALE,INDIA,Subscriber,391,Desktop
SF_3451,28,FEMALE,CANADA,Free,265,Mobile
SF_3452,55,MALE,ITALY,Subscriber,138,Tablet
SF_3453,31,MALE,FRANCE,Subscriber,118,Smart TV
SF_3454,59,MALE,UK,Subscriber,188,Smart TV
SF_3455,35,FEMALE,CANADA,Free,461,Smart TV
SF_3456,19,MALE,ITALY,Free,92,Mobile
SF_3457,14,MALE,USA,Subscriber,122,Smart TV
SF_3458,33,MALE,USA,Subscriber,155,Mobile
SF_3459,48,MALE,CANADA,Free,143,Desktop
SF_3460,54,MALE,USA,Free,184,Mobile
SF_3461,31,MALE,ITALY,Subscriber,131,Tablet
SF_3462,52,FEMALE,INDIA,Subscriber,494,Desktop
SF_3463,48,MALE,ITALY,Free,188,Tablet
SF_3464,51,FEMALE,ITALY,Free,248,Tablet
SF_3465,41,MALE,INDIA,Free,114,Mobile
SF_3466,9,MALE,UK,Subscriber,320,Tablet
SF_3467,26,MALE,USA,Subscriber,388,Tablet
SF_3468,10,MALE,USA,Free,278,Smart TV
SF_3469,57,MALE,CANADA,Subscriber,117,Smart TV
SF_3470,24,MALE,UK,Subscriber,166,Smart TV
SF_3471,13,MALE,ITALY,Subscriber,304,Mobile
SF_3472,48,MALE,INDIA,Subscriber,151,Mobile
SF_3473,39,FEMALE,CANADA,Free,318,Tablet
SF_3474,51,MALE,FRANCE,Subscriber,214,Desktop
SF_3475,32,MALE,USA,Subscriber,14,Smart TV
SF_3476,55,MALE,INDIA,Free,431,Mobile
SF_3477,22,FEMALE,USA,Free,49,Tablet
SF_3478,58,MALE,INDIA,Subscriber,492,Smart TV
SF_3479,43,MALE,ITALY,Subscriber,342,Tablet
SF_3480,16,MALE,ITALY,Subscriber,69,Tablet
SF_3481,23,MALE,ITALY,Subscriber,314,Mobile
SF_3482,42,MALE,FRANCE,Subscriber,234,Desktop
SF_3483,27,FEMALE,FRANCE,Subscriber,373,Smart TV
SF_3484,63,MALE,CANADA,Subscriber,267,Desktop
SF_3485,49,MALE,CANADA,Free,173,Tablet
SF_3486,53,FEMALE,USA,Subscriber,144,Smart TV
SF_3487,11,MALE,USA,Subscriber,186,Smart TV
SF_3488,32,MALE,CANADA,Free,243,Desktop
SF_3489,34,MALE,FRANCE,Free,71,Smart TV
SF_3490,45,MALE,INDIA,Free,222,Tablet
SF_3491,38,MALE,USA,Subscriber,246,Mobile
SF_3492,58,MALE,CANADA,Subscriber,478,Smart TV
SF_3493,38,MALE,ITALY,Free,355,Smart TV
SF_3494,32,MALE,FRANCE,Free,318,Desktop
SF_3495,45,MALE,USA,Free,95,Tablet
SF_3496,17,MALE,ITALY,Free,219,Desktop
SF_3497,44,FEMALE,USA,Subscriber,123,Desktop
SF_3498,25,MALE,INDIA,Subscriber,159,Mobile
SF_3499,10,MALE,USA,Subscriber,139,Smart TV
SF_3500,62,MALE,CANADA,Subscriber,182,Tablet
SF_3501,10,FEMALE,ITALY,Free,373,Mobile
SF_3502,61,FEMALE,UK,Free,297,Tablet
SF_3503,39,MALE,FRANCE,Free,228,Desktop
SF_3504,52,MALE,USA,Subscriber,22,Desktop
SF_3505,60,FEMALE,ITALY,Free,471,Desktop
SF_3506,11,MALE,CANADA,Subscriber,93,Tablet
SF_3507,43,MALE,CANADA,Free,454,Smart TV
SF_3508,43,MALE,ITALY,Free,341,Smart TV
SF_3509,52,MALE,INDIA,Subscriber,24,Desktop
SF_3510,24,FEMALE,INDIA,Free,287,Smart TV
SF_3511,31,MALE,ITALY,Free,18,Smart TV
SF_3512,56,MALE,USA,Subscriber,102,Smart TV
SF_3513,32,MALE,CANADA,Subscriber,173,Smart TV
SF_3514,27,MALE,UK,Subscriber,293,Desktop
SF_3515,12,MALE,FRANCE,Subscriber,153,Tablet
SF_3516,56,MALE,INDIA,Subscriber,187,Mobile
SF_3517,59,MALE,ITALY,Free,43,Smart TV
SF_3518,13,FEMALE,ITALY,Free,349,Tablet
SF_3519,44,FEMALE,FRANCE,Free,382,Desktop
SF_3520,45,MALE,INDIA,Subscriber,66,Desktop
SF_3521,36,MALE,INDIA,Free,132,Tablet
SF_3522,31,MALE,INDIA,Subscriber,382,Desktop
SF_3523,33,MALE,USA,Subscriber,97,Smart TV
SF_3524,27,FEMALE,INDIA,Free,97,Desktop
SF_3525,30,FEMALE,INDIA,Free,170,Mobile
SF_3526,52,MALE,USA,Free,141,Tablet
SF_3527,46,MALE,USA,Subscriber,288,Tablet
SF_3528,41,MALE,UK,Free,97,Tablet
SF_3529,61,FEMALE,CANADA,Subscriber,28,Mobile
SF_3530,30,MALE,ITALY,Free,220,Smart TV
SF_3531,42,FEMALE,UK,Subscriber,399,Mobile
SF_3532,42,FEMALE,INDIA,Free,26,Tablet
SF_3533,40,MALE,USA,Free,396,Smart TV
SF_3534,53,MALE,CANADA,Subscriber,315,Smart TV
SF_3535,17,MALE,UK,Free,354,Tablet
SF_3536,25,MALE,FRANCE,Subscriber,487,Desktop
SF_3537,31,MALE,FRANCE,Subscriber,44,Desktop
SF_3538,46,MALE,INDIA,Free,391,Desktop
SF_3539,11,FEMALE,UK,Free,489,Smart TV
SF_3540,44,MALE,UK,Subscriber,437,Tablet
SF_3541,47,MALE,INDIA,Subscriber,434,Desktop
SF_3542,57,MALE,FRANCE,Subscriber,174,Tablet
SF_3543,26,MALE,USA,Subscriber,363,Smart TV
SF_3544,16,FEMALE,INDIA,Free,376,Mobile
SF_3545,58,MALE,USA,Free,223,Desktop
SF_3546,17,MALE,ITALY,Free,191,Mobile
SF_3547,65,MALE,USA,Free,226,Smart TV
SF_3548,38,MALE,USA,Free,382,Smart TV
SF_3549,47,FEMALE,USA,Subscriber,141,Desktop
SF_3550,21,MALE,ITALY,Free,374,Tablet
SF_3551,29,FEMALE,USA,Subscriber,407,Tablet
SF_3552,50,FEMALE,ITALY,Free,410,Tablet
SF_3553,38,MALE,CANADA,Free,241,Smart TV
SF_3554,21,MALE,FRANCE,Subscriber,204,Smart TV
SF_3555,59,MALE,FRANCE,Subscriber,226,Desktop
SF_3556,58,MALE,CANADA,Subscriber,313,Smart TV
SF_3557,23,MALE,INDIA,Subscriber,493,Mobile
SF_3558,65,MALE,CANADA,Free,72,Mobile
SF_3559,29,MALE,USA,Subscriber,441,Tablet
SF_3560,34,FEMALE,UK,Free,307,Smart TV
SF_3561,56,MALE,USA,Subscriber,303,Tablet
SF_3562,50,FEMALE,ITALY,Subscriber,249,Tablet
SF_3563,44,MALE,FRANCE,Free,375,Desktop
SF_3564,65,MALE,CANADA,Free,223,Tablet
SF_3565,58,MALE,INDIA,Free,475,Mobile
SF_3566,56,MALE,FRANCE,Free,144,Mobile
SF_3567,37,MALE,FRANCE,Free,73,Desktop
SF_3568,27,MALE,UK,Free,383,Smart TV
SF_3569,23,FEMALE,ITALY,Free,369,Desktop
SF_3570,46,MALE,FRANCE,Subscriber,492,Mobile
SF_3571,34,MALE,CANADA,Subscriber,140,Desktop
SF_3572,61,MALE,CANADA,Free,231,Smart TV
SF_3573,19,MALE,FRANCE,Free,38,Tablet
SF_3574,33,FEMALE,UK,Free,40,Mobile
SF_3575,52,MALE,FRANCE,Subscriber,355,Tablet
SF_3576,65,MALE,USA,Subscriber,388,Smart TV
SF_3577,49,FEMALE,CANADA,Subscriber,92,Desktop
SF_3578,63,MALE,CANADA,Free,330,Smart TV
SF_3579,37,MALE,UK,Free,164,Tablet
SF_3580,12,FEMALE,ITALY,Free,80,Smart TV
SF_3581,11,MALE,INDIA,Subscriber,30,Tablet
SF_3582,51,FEMALE,UK,Free,28,Smart TV
SF_3583,54,FEMALE,CANADA,Subscriber,351,Mobile
SF_3584,60,MALE,UK,Free,208,Desktop
SF_3585,61,MALE,CANADA,Free,22,Tablet
SF_3586,12,MALE,ITALY,Subscriber,93,Tablet
SF_3587,17,MALE,FRANCE,Subscriber,255,Tablet
SF_3588,59,MALE,FRANCE,Subscriber,383,Smart TV
SF_3589,44,FEMALE,USA,Subscriber,468,Mobile
SF_3590,19,FEMALE,UK,Subscriber,273,Tablet
SF_3591,58,MALE,UK,Subscriber,49,Tablet
SF_3592,14,FEMALE,INDIA,Subscriber,366,Tablet
SF_3593,39,FEMALE,UK,Subscriber,455,Smart TV
SF_3594,52,MALE,ITALY,Subscriber,194,Mobile
SF_3595,41,MALE,ITALY,Subscriber,277,Smart TV
SF_3596,53,FEMALE,ITALY,Subscriber,450,Mobile
SF_3597,22,MALE,CANADA,Free,266,Smart TV
SF_3598,23,MALE,CANADA,Free,115,Tablet
SF_3599,20,MALE,CANADA,Free,160,Desktop
SF_3600,19,MALE,UK,Free,447,Smart TV
SF_3601,10,FEMALE,USA,Free,101,Smart TV
SF_3602,9,MALE,ITALY,Subscriber,117,Smart TV
SF_3603,43,FEMALE,ITALY,Subscriber,182,Smart TV
SF_3604,33,FEMALE,CANADA,Free,275,Tablet
SF_3605,39,MALE,FRANCE,Subscriber,79,Desktop
SF_3606,50,FEMALE,ITALY,Subscriber,208,Tablet
SF_3607,43,MALE,USA,Free,483,Mobile
SF_3608,45,FEMALE,USA,Free,296,Desktop
SF_3609,37,FEMALE,INDIA,Subscriber,176,Smart TV
SF_3610,46,MALE,USA,Subscriber,260,Mobile
SF_3611,36,MALE,INDIA,Free,338,Mobile
SF_3612,14,MALE,UK,Free,438,Tablet
SF_3613,20,MALE,FRANCE,Free,211,Mobile
SF_3614,25,MALE,USA,Subscriber,397,Desktop
SF_3615,32,MALE,UK,Subscriber,40,Desktop
SF_3616,30,MALE,USA,Subscriber,312,Mobile
SF_3617,24,MALE,CANADA,Subscriber,473,Smart TV
SF_3618,59,MALE,CANADA,Free,36,Mobile
SF_3619,31,MALE,INDIA,Free,466,Mobile
SF_3620,53,MALE,UK,Subscriber,398,Desktop
SF_3621,27,MALE,UK,Free,364,Smart TV
SF_3622,33,MALE,INDIA,Subscriber,489,Desktop
SF_3623,55,MALE,ITALY,Free,258,Desktop
SF_3624,12,MALE,FRANCE,Free,314,Desktop
SF_3625,52,MALE,USA,Subscriber,26,Mobile
SF_3626,33,MALE,FRANCE,Subscriber,350,Tablet
SF_3627,35,FEMALE,UK,Free,90,Desktop
SF_3628,64,MALE,INDIA,Free,338,Smart TV
SF_3629,46,FEMALE,CANADA,Free,179,Tablet
SF_3630,56,MALE,CANADA,Free,23,Mobile
SF_3631,9,MALE,USA,Free,399,Smart TV
SF_3632,61,MALE,USA,Free,424,Desktop
SF_3633,60,MALE,INDIA,Subscriber,73,Smart TV
SF_3634,32,MALE,ITALY,Free,134,Tablet
SF_3635,44,MALE,UK,Free,138,Mobile
SF_3636,39,MALE,FRANCE,Subscriber,215,Mobile
SF_3637,43,MALE,UK,Subscriber,72,Tablet
SF_3638,45,MALE,FRANCE,Free,431,Desktop
SF_3639,17,MALE,INDIA,Free,353,Smart TV
SF_3640,20,MALE,ITALY,Subscriber,168,Tablet
SF_3641,32,MALE,UK,Free,350,Desktop
SF_3642,13,FEMALE,ITALY,Free,74,Smart TV
SF_3643,62,MALE,INDIA,Subscriber,238,Tablet
SF_3644,48,FEMALE,UK,Free,45,Tablet
SF_3645,59,MALE,INDIA,Subscriber,180,Mobile
SF_3646,47,MALE,ITALY,Subscriber,426,Mobile
SF_3647,39,MALE,USA,Free,12,Tablet
SF_3648,63,MALE,CANADA,Free,279,Desktop
SF_3649,48,FEMALE,CANADA,Free,209,Smart TV
SF_3650,61,MALE,CANADA,Free,218,Mobile
SF_3651,50,MALE,USA,Free,259,Tablet
SF_3652,54,MALE,CANADA,Subscriber,274,Tablet
SF_3653,15,MALE,CANADA,Subscriber,443,Mobile
SF_3654,50,MALE,CANADA,Free,494,Smart TV
SF_3655,56,FEMALE,ITALY,Subscriber,246,Desktop
SF_3656,51,FEMALE,ITALY,Subscriber,172,Desktop
SF_3657,15,MALE,INDIA,Subscriber,32,Desktop
SF_3658,34,FEMALE,USA,Free,372,Smart TV
SF_3659,39,MALE,FRANCE,Free,83,Tablet
SF_3660,50,MALE,ITALY,Subscriber,257,Smart TV
SF_3661,36,MALE,ITALY,Subscriber,369,Tablet
SF_3662,28,MALE,INDIA,Subscriber,86,Desktop
SF_3663,36,FEMALE,USA,Free,473,Smart TV
SF_3664,20,FEMALE,FRANCE,Free,106,Desktop
SF_3665,24,MALE,USA,Free,162,Desktop
SF_3666,55,MALE,ITALY,Free,14,Smart TV
SF_3667,33,FEMALE,CANADA,Subscriber,406,Smart TV
SF_3668,32,FEMALE,UK,Subscriber,222,Smart TV
SF_3669,39,MALE,USA,Subscriber,398,Mobile
SF_3670,28,MALE,ITALY,Free,310,Desktop
SF_3671,45,MALE,CANADA,Subscriber,120,Smart TV
SF_3672,34,MALE,INDIA,Subscriber,366,Tablet
SF_3673,25,MALE,ITALY,Free,19,Mobile
SF_3674,14,MALE,USA,Subscriber,351,Tablet
SF_3675,64,MALE,CANADA,Free,98,Tablet
SF_3676,33,FEMALE,ITALY,Free,335,Desktop
SF_3677,30,FEMALE,ITALY,Subscriber,324,Mobile
SF_3678,17,MALE,UK,Subscriber,58,Smart TV
SF_3679,34,MALE,FRANCE,Subscriber,464,Smart TV
SF_3680,23,FEMALE,CANADA,Subscriber,386,Smart TV
SF_3681,36,MALE,ITALY,Free,174,Smart TV
SF_3682,55,FEMALE,CANADA,Free,484,Tablet
SF_3683,19,MALE,CANADA,Subscriber,273,Mobile
SF_3684,42,MALE,FRANCE,Free,244,Desktop
SF_3685,46,MALE,FRANCE,Subscriber,204,Smart TV
SF_3686,14,MALE,CANADA,Subscriber,495,Mobile
SF_3687,33,FEMALE,UK,Free,211,Mobile
SF_3688,22,MALE,FRANCE,Subscriber,288,Tablet
SF_3689,31,MALE,FRANCE,Free,97,Mobile
SF_3690,54,MALE,CANADA,Subscriber,105,Tablet
SF_3691,62,MALE,UK,Free,18,Mobile
SF_3692,31,MALE,FRANCE,Free,346,Tablet
SF_3693,20,MALE,ITALY,Free,117,Smart TV
SF_3694,65,MALE,USA,Free,86,Smart TV
SF_3695,63,MALE,UK,Subscriber,493,Smart TV
SF_3696,24,MALE,INDIA,Subscriber,295,Mobile
SF_3697,29,MALE,CANADA,Free,270,Smart TV
SF_3698,26,MALE,INDIA,Free,236,Smart TV
SF_3699,49,FEMALE,ITALY,Free,223,Mobile
SF_3700,31,MALE,INDIA,Free,185,Tablet
SF_3701,55,MALE,INDIA,Subscriber,187,Mobile
SF_3702,37,MALE,USA,Free,409,Mobile
SF_3703,48,MALE,CANADA,Subscriber,446,Mobile
SF_3704,63,FEMALE,UK,Subscriber,67,Mobile
SF_3705,49,MALE,ITALY,Free,404,Tablet
SF_3706,32,MALE,INDIA,Free,50,Tablet
SF_3707,28,FEMALE,ITALY,Subscriber,238,Desktop
SF_3708,47,MALE,CANADA,Subscriber,36,Smart TV
SF_3709,64,MALE,INDIA,Free,393,Smart TV
SF_3710,19,MALE,USA,Free,335,Desktop
SF_3711,39,MALE,ITALY,Free,170,Tablet
SF_3712,57,MALE,USA,Subscriber,271,Smart TV
SF_3713,32,FEMALE,ITALY,Free,431,Tablet
SF_3714,56,MALE,CANADA,Free,83,Mobile
SF_3715,31,MALE,CANADA,Free,349,Smart TV
SF_3716,35,MALE,UK,Free,352,Tablet
SF_3717,39,MALE,ITALY,Subscriber,252,Desktop
SF_3718,10,MALE,FRANCE,Subscriber,209,Desktop
SF_3719,16,MALE,CANADA,Subscriber,237,Smart TV
SF_3720,63,MALE,INDIA,Subscriber,97,Tablet
SF_3721,40,MALE,UK,Free,66,Desktop
SF_3722,11,MALE,CANADA,Subscriber,140,Mobile
SF_3723,27,MALE,INDIA,Subscriber,151,Tablet
SF_3724,14,MALE,UK,Subscriber,268,Desktop
SF_3725,29,MALE,UK,Free,408,Mobile
SF_3726,23,MALE,UK,Subscriber,388,Desktop
SF_3727,43,MALE,ITALY,Subscriber,88,Smart TV
SF_3728,55,MALE,FRANCE,Subscriber,300,Tablet
SF_3729,17,MALE,CANADA,Free,474,Tablet
SF_3730,10,MALE,UK,Free,301,Tablet
SF_3731,24,MALE,FRANCE,Subscriber,223,Desktop
SF_3732,24,MALE,INDIA,Free,440,Mobile
SF_3733,39,MALE,CANADA,Free,133,Smart TV
SF_3734,16,MALE,CANADA,Free,91,Smart TV
SF_3735,61,MALE,INDIA,Subscriber,395,Smart TV
SF_3736,55,MALE,ITALY,Free,63,Mobile
SF_3737,58,MALE,CANADA,Subscriber,165,Smart TV
SF_3738,54,MALE,INDIA,Free,453,Mobile
SF_3739,31,MALE,UK,Free,75,Desktop
SF_3740,22,MALE,INDIA,Free,96,Desktop
SF_3741,28,MALE,ITALY,Subscriber,24,Smart TV
SF_3742,27,MALE,FRANCE,Free,173,Desktop
SF_3743,55,FEMALE,INDIA,Subscriber,298,Mobile
SF_3744,30,MALE,ITALY,Free,409,Tablet
SF_3745,33,FEMALE,UK,Subscriber,171,Tablet
SF_3746,16,MALE,USA,Subscriber,338,Tablet
SF_3747,11,MALE,ITALY,Free,164,Desktop
SF_3748,62,MALE,FRANCE,Subscriber,132,Tablet
SF_3749,14,FEMALE,INDIA,Subscriber,185,Tablet
SF_3750,22,FEMALE,CANADA,Free,195,Tablet
SF_3751,48,FEMALE,ITALY,Free,318,Mobile
SF_3752,49,FEMALE,ITALY,Subscriber,100,Tablet
SF_3753,51,MALE,ITALY,Free,396,Mobile
SF_3754,53,MALE,FRANCE,Subscriber,457,Smart TV
SF_3755,28,FEMALE,USA,Subscriber,87,Tablet
SF_3756,39,MALE,ITALY,Subscriber,53,Smart TV
SF_3757,31,MALE,UK,Free,452,Smart TV
SF_3758,57,FEMALE,USA,Subscriber,399,Mobile
SF_3759,14,MALE,INDIA,Subscriber,309,Tablet
SF_3760,41,MALE,INDIA,Free,10,Mobile
SF_3761,23,MALE,INDIA,Subscriber,233,Mobile
SF_3762,13,MALE,USA,Subscriber,141,Desktop
SF_3763,26,MALE,ITALY,Subscriber,211,Desktop
SF_3764,36,MALE,ITALY,Free,483,Desktop
SF_3765,23,FEMALE,FRANCE,Free,33,Desktop
SF_3766,32,FEMALE,FRANCE,Free,427,Mobile
SF_3767,61,MALE,UK,Subscriber,251,Smart TV
SF_3768,23,MALE,UK,Subscriber,291,Tablet
SF_3769,64,MALE,USA,Subscriber,108,Smart TV
SF_3770,50,FEMALE,FRANCE,Subscriber,436,Desktop
SF_3771,10,MALE,CANADA,Subscriber,209,Desktop
SF_3772,16,MALE,ITALY,Free,377,Tablet
SF_3773,30,MALE,ITALY,Free,179,Mobile
SF_3774,22,MALE,INDIA,Subscriber,222,Tablet
SF_3775,27,MALE,USA,Free,166,Mobile
SF_3776,25,FEMALE,FRANCE,Free,486,Desktop
SF_3777,60,MALE,ITALY,Free,460,Tablet
SF_3778,50,MALE,FRANCE,Free,195,Mobile
SF_3779,10,FEMALE,FRANCE,Subscriber,103,Mobile
SF_3780,33,MALE,FRANCE,Subscriber,350,Tablet
SF_3781,62,FEMALE,ITALY,Free,405,Mobile
SF_3782,57,FEMALE,UK,Subscriber,329,Mobile
SF_3783,27,MALE,UK,Free,224,Desktop
SF_3784,65,FEMALE,USA,Subscriber,64,Desktop
SF_3785,31,FEMALE,USA,Free,74,Mobile
SF_3786,50,FEMALE,CANADA,Free,117,Tablet
SF_3787,50,FEMALE,UK,Subscriber,318,Smart TV
SF_3788,32,FEMALE,ITALY,Subscriber,427,Mobile
SF_3789,23,FEMALE,FRANCE,Free,161,Smart TV
SF_3790,37,FEMALE,UK,Free,499,Tablet
SF_3791,51,MALE,ITALY,Free,71,Smart TV
SF_3792,38,MALE,ITALY,Subscriber,328,Desktop
SF_3793,16,MALE,FRANCE,Free,399,Tablet
SF_3794,16,FEMALE,ITALY,Free,259,Tablet
SF_3795,23,FEMALE,UK,Free,197,Smart TV
SF_3796,49,MALE,USA,Subscriber,66,Smart TV
SF_3797,41,MALE,USA,Free,375,Smart TV
SF_3798,36,MALE,UK,Free,406,Tablet
SF_3799,48,MALE,UK,Subscriber,110,Mobile
SF_3800,21,MALE,UK,Free,344,Tablet
SF_3801,58,MALE,ITALY,Free,227,Tablet
SF_3802,41,MALE,USA,Free,65,Smart TV
SF_3803,26,FEMALE,ITALY,Subscriber,124,Tablet
SF_3804,41,MALE,USA,Subscriber,64,Tablet
SF_3805,60,FEMALE,FRANCE,Subscriber,329,Mobile
SF_3806,17,MALE,ITALY,Subscriber,444,Desktop
SF_3807,60,FEMALE,USA,Subscriber,444,Desktop
SF_3808,52,MALE,UK,Subscriber,177,Desktop
SF_3809,29,MALE,USA,Subscriber,236,Mobile
SF_3810,47,MALE,UK,Subscriber,304,Desktop
SF_3811,12,MALE,USA,Free,471,Tablet
SF_3812,15,MALE,ITALY,Subscriber,303,Smart TV
SF_3813,14,MALE,ITALY,Free,187,Tablet
SF_3814,56,MALE,UK,Free,323,Mobile
SF_3815,58,MALE,ITALY,Subscriber,260,Mobile
SF_3816,52,FEMALE,UK,Free,418,Smart TV
SF_3817,43,MALE,FRANCE,Free,269,Smart TV
SF_3818,38,MALE,FRANCE,Subscriber,97,Tablet
SF_3819,44,MALE,CANADA,Subscriber,90,Desktop
SF_3820,20,MALE,UK,Subscriber,77,Mobile
SF_3821,26,MALE,USA,Free,284,Tablet
SF_3822,18,MALE,USA,Free,118,Mobile
SF_3823,32,MALE,CANADA,Subscriber,150,Smart TV
SF_3824,37,MALE,FRANCE,Subscriber,60,Desktop
SF_3825,43,MALE,ITALY,Free,214,Smart TV
SF_3826,62,MALE,CANADA,Free,306,Tablet
SF_3827,52,MALE,UK,Subscriber,153,Tablet
SF_3828,44,MALE,UK,Free,462,Tablet
SF_3829,17,FEMALE,INDIA,Free,126,Desktop
SF_3830,19,MALE,ITALY,Free,379,Desktop
SF_3831,56,FEMALE,INDIA,Subscriber,438,Mobile
SF_3832,45,FEMALE,ITALY,Subscriber,37,Tablet
SF_3833,54,MALE,FRANCE,Free,212,Tablet
SF_3834,19,MALE,ITALY,Subscriber,291,Tablet
SF_3835,23,MALE,INDIA,Free,260,Mobile
SF_3836,63,FEMALE,UK,Free,314,Desktop
SF_3837,30,MALE,ITALY,Free,436,Desktop
SF_3838,60,FEMALE,ITALY,Free,223,Smart TV
SF_3839,20,MALE,CANADA,Free,420,Tablet
SF_3840,10,FEMALE,INDIA,Free,96,Tablet
SF_3841,27,MALE,UK,Subscriber,163,Desktop
SF_3842,20,FEMALE,INDIA,Subscriber,55,Tablet
SF_3843,9,FEMALE,FRANCE,Free,450,Mobile
SF_3844,57,MALE,UK,Free,473,Desktop
SF_3845,10,MALE,UK,Subscriber,209,Smart TV
SF_3846,24,MALE,UK,Subscriber,442,Smart TV
SF_3847,26,MALE,CANADA,Subscriber,288,Mobile
SF_3848,41,MALE,CANADA,Free,230,Smart TV
SF_3849,16,MALE,UK,Free,389,Mobile
SF_3850,35,MALE,USA,Free,376,Mobile
SF_3851,30,MALE,UK,Free,46,Mobile
SF_3852,9,MALE,ITALY,Subscriber,94,Mobile
SF_3853,64,MALE,FRANCE,Free,303,Mobile
SF_3854,65,MALE,FRANCE,Subscriber,239,Desktop
SF_3855,22,MALE,UK,Subscriber,373,Tablet
SF_3856,59,FEMALE,INDIA,Free,498,Smart TV
SF_3857,45,MALE,CANADA,Subscriber,448,Desktop
SF_3858,62,FEMALE,CANADA,Subscriber,431,Mobile
SF_3859,55,MALE,USA,Free,204,Desktop
SF_3860,48,MALE,ITALY,Subscriber,491,Mobile
SF_3861,33,MALE,USA,Subscriber,250,Smart TV
SF_3862,60,MALE,INDIA,Free,166,Tablet
SF_3863,63,MALE,ITALY,Subscriber,123,Desktop
SF_3864,18,MALE,UK,Subscriber,393,Mobile
SF_3865,43,FEMALE,USA,Subscriber,236,Mobile
SF_3866,61,MALE,USA,Subscriber,337,Smart TV
SF_3867,49,MALE,UK,Subscriber,212,Smart TV
SF_3868,35,MALE,INDIA,Free,145,Smart TV
SF_3869,11,MALE,UK,Free,252,Smart TV
SF_3870,25,MALE,ITALY,Free,63,Tablet
SF_3871,16,MALE,USA,Subscriber,330,Desktop
SF_3872,11,MALE,ITALY,Free,454,Smart TV
SF_3873,26,FEMALE,USA,Free,297,Desktop
SF_3874,50,MALE,INDIA,Subscriber,361,Mobile
SF_3875,65,MALE,CANADA,Free,470,Mobile
SF_3876,55,MALE,USA,Subscriber,89,Smart TV
SF_3877,58,MALE,FRANCE,Free,249,Mobile
SF_3878,13,MALE,CANADA,Free,348,Desktop
SF_3879,29,MALE,UK,Free,114,Smart TV
SF_3880,31,MALE,USA,Free,129,Desktop
SF_3881,63,MALE,UK,Free,152,Tablet
SF_3882,59,MALE,USA,Subscriber,220,Smart TV
SF_3883,14,MALE,USA,Subscriber,54,Desktop
SF_3884,9,MALE,ITALY,Free,442,Desktop
SF_3885,9,MALE,FRANCE,Subscriber,249,Desktop
SF_3886,53,MALE,FRANCE,Free,86,Tablet
SF_3887,50,MALE,INDIA,Free,303,Smart TV
SF_3888,11,MALE,FRANCE,Free,472,Tablet
SF_3889,27,MALE,CANADA,Subscriber,463,Smart TV
SF_3890,31,MALE,INDIA,Free,68,Desktop
SF_3891,57,FEMALE,USA,Subscriber,323,Desktop
SF_3892,37,MALE,UK,Free,312,Mobile
SF_3893,32,MALE,ITALY,Subscriber,242,Desktop
SF_3894,45,MALE,CANADA,Subscriber,99,Mobile
SF_3895,59,FEMALE,ITALY,Free,370,Desktop
SF_3896,65,MALE,USA,Free,90,Smart TV
SF_3897,37,MALE,INDIA,Subscriber,249,Mobile
SF_3898,56,MALE,CANADA,Free,416,Mobile
SF_3899,54,MALE,CANADA,Subscriber,450,Smart TV
SF_3900,40,FEMALE,ITALY,Free,350,Smart TV
SF_3901,57,MALE,FRANCE,Subscriber,362,Smart TV
SF_3902,13,MALE,FRANCE,Free,355,Tablet
SF_3903,39,MALE,FRANCE,Free,76,Tablet
SF_3904,54,MALE,INDIA,Subscriber,80,Mobile
SF_3905,51,MALE,FRANCE,Free,477,Tablet
SF_3906,39,MALE,ITALY,Subscriber,131,Desktop
SF_3907,13,FEMALE,CANADA,Free,479,Tablet
SF_3908,31,MALE,USA,Free,359,Mobile
SF_3909,65,MALE,USA,Subscriber,134,Mobile
SF_3910,64,MALE,USA,Subscriber,111,Smart TV
SF_3911,59,MALE,USA,Subscriber,145,Desktop
SF_3912,21,MALE,UK,Free,122,Desktop
SF_3913,36,MALE,USA,Free,333,Mobile
SF_3914,56,MALE,ITALY,Subscriber,115,Desktop
SF_3915,31,FEMALE,CANADA,Free,147,Tablet
SF_3916,32,MALE,ITALY,Subscriber,213,Desktop
SF_3917,37,FEMALE,USA,Free,408,Mobile
SF_3918,23,MALE,USA,Free,137,Desktop
SF_3919,37,MALE,FRANCE,Free,337,Mobile
SF_3920,57,MALE,USA,Subscriber,283,Smart TV
SF_3921,22,MALE,CANADA,Subscriber,166,Desktop
SF_3922,60,MALE,ITALY,Subscriber,384,Tablet
SF_3923,56,MALE,CANADA,Subscriber,343,Smart TV
SF_3924,29,MALE,FRANCE,Subscriber,447,Tablet
SF_3925,31,MALE,UK,Free,461,Desktop
SF_3926,55,MALE,FRANCE,Free,195,Smart TV
SF_3927,40,FEMALE,USA,Subscriber,398,Mobile
SF_3928,14,MALE,UK,Subscriber,359,Tablet
SF_3929,14,MALE,FRANCE,Free,405,Tablet
SF_3930,56,MALE,USA,Free,234,Tablet
SF_3931,62,MALE,FRANCE,Subscriber,337,Smart TV
SF_3932,16,MALE,USA,Free,105,Tablet
SF_3933,51,FEMALE,FRANCE,Subscriber,167,Smart TV
SF_3934,34,MALE,USA,Free,338,Smart TV
SF_3935,10,MALE,INDIA,Free,248,Mobile
SF_3936,19,FEMALE,FRANCE,Free,390,Tablet
SF_3937,23,MALE,UK,Subscriber,290,Mobile
SF_3938,46,MALE,FRANCE,Free,40,Desktop
SF_3939,39,MALE,FRANCE,Free,65,Desktop
SF_3940,11,MALE,ITALY,Subscriber,121,Smart TV
SF_3941,10,MALE,UK,Subscriber,402,Tablet
SF_3942,64,MALE,UK,Subscriber,180,Smart TV
SF_3943,32,FEMALE,FRANCE,Free,135,Desktop
SF_3944,15,FEMALE,CANADA,Subscriber,102,Mobile
SF_3945,13,FEMALE,ITALY,Free,144,Smart TV
SF_3946,13,FEMALE,UK,Free,490,Tablet
SF_3947,15,MALE,INDIA,Free,404,Desktop
SF_3948,17,FEMALE,USA,Free,488,Tablet
SF_3949,20,MALE,FRANCE,Subscriber,100,Smart TV
SF_3950,31,MALE,UK,Subscriber,290,Mobile
SF_3951,34,FEMALE,CANADA,Subscriber,179,Desktop
SF_3952,61,FEMALE,ITALY,Subscriber,284,Mobile
SF_3953,26,MALE,ITALY,Free,182,Smart TV
SF_3954,23,MALE,UK,Subscriber,180,Smart TV
SF_3955,24,MALE,USA,Free,167,Smart TV
SF_3956,17,MALE,UK,Subscriber,172,Smart TV
SF_3957,22,MALE,INDIA,Free,412,Tablet
SF_3958,45,MALE,INDIA,Subscriber,432,Mobile
SF_3959,49,FEMALE,UK,Subscriber,197,Mobile
SF_3960,50,FEMALE,CANADA,Subscriber,335,Tablet
SF_3961,65,MALE,ITALY,Free,334,Mobile
SF_3962,26,FEMALE,CANADA,Free,173,Smart TV
SF_3963,48,MALE,UK,Subscriber,366,Mobile
SF_3964,46,MALE,CANADA,Subscriber,186,Mobile
SF_3965,61,MALE,FRANCE,Subscriber,292,Tablet
SF_3966,58,MALE,UK,Subscriber,496,Desktop
SF_3967,37,FEMALE,CANADA,Free,157,Smart TV
SF_3968,29,MALE,USA,Free,450,Smart TV
SF_3969,17,MALE,INDIA,Subscriber,425,Tablet
SF_3970,63,FEMALE,CANADA,Subscriber,225,Mobile
SF_3971,39,FEMALE,USA,Subscriber,134,Desktop
SF_3972,59,FEMALE,FRANCE,Free,298,Mobile
SF_3973,38,MALE,UK,Subscriber,296,Mobile
SF_3974,18,MALE,UK,Free,176,Desktop
SF_3975,16,FEMALE,INDIA,Subscriber,363,Tablet
SF_3976,43,FEMALE,CANADA,Free,425,Tablet
SF_3977,14,MALE,CANADA,Subscriber,77,Desktop
SF_3978,40,MALE,INDIA,Free,331,Smart TV
SF_3979,39,FEMALE,INDIA,Free,496,Desktop
SF_3980,62,MALE,USA,Subscriber,125,Mobile
SF_3981,34,FEMALE,ITALY,Subscriber,489,Desktop
SF_3982,53,MALE,CANADA,Subscriber,452,Tablet
SF_3983,26,MALE,ITALY,Subscriber,493,Tablet
SF_3984,50,MALE,CANADA,Subscriber,156,Tablet
SF_3985,64,MALE,FRANCE,Subscriber,485,Smart TV
SF_3986,56,MALE,ITALY,Free,25,Smart TV
SF_3987,54,FEMALE,UK,Free,306,Tablet
SF_3988,32,FEMALE,USA,Free,401,Smart TV
SF_3989,64,MALE,INDIA,Free,443,Tablet
SF_3990,19,MALE,INDIA,Subscriber,198,Desktop
SF_3991,38,MALE,USA,Subscriber,188,Desktop
SF_3992,65,MALE,USA,Subscriber,65,Tablet
SF_3993,12,MALE,UK,Subscriber,162,Tablet
SF_3994,18,MALE,USA,Subscriber,492,Smart TV
SF_3995,10,MALE,ITALY,Free,307,Mobile
SF_3996,47,MALE,FRANCE,Subscriber,457,Tablet
SF_3997,42,MALE,ITALY,Free,124,Smart TV
SF_3998,50,MALE,CANADA,Free,392,Smart TV
SF_3999,48,MALE,USA,Subscriber,383,Mobile
SF_4000,58,MALE,ITALY,Free,141,Desktop
SF_4001,27,FEMALE,CANADA,Subscriber,435,Smart TV
SF_4002,26,MALE,USA,Subscriber,403,Tablet
SF_4003,25,MALE,ITALY,Subscriber,269,Smart TV
SF_4004,32,MALE,UK,Subscriber,186,Tablet
SF_4005,15,MALE,ITALY,Subscriber,468,Tablet
SF_4006,25,MALE,USA,Free,383,Desktop
SF_4007,36,MALE,INDIA,Subscriber,456,Tablet
SF_4008,49,MALE,INDIA,Free,432,Mobile
SF_4009,59,MALE,ITALY,Free,41,Mobile
SF_4010,29,MALE,INDIA,Free,340,Mobile
SF_4011,50,MALE,CANADA,Free,399,Smart TV
SF_4012,28,MALE,ITALY,Free,90,Desktop
SF_4013,43,MALE,FRANCE,Subscriber,422,Tablet
SF_4014,36,MALE,UK,Subscriber,191,Desktop
SF_4015,19,FEMALE,INDIA,Subscriber,367,Tablet
SF_4016,30,MALE,FRANCE,Free,306,Smart TV
SF_4017,9,MALE,FRANCE,Subscriber,344,Desktop
SF_4018,21,FEMALE,USA,Free,310,Mobile
SF_4019,25,MALE,INDIA,Subscriber,181,Mobile
SF_4020,27,MALE,CANADA,Free,49,Mobile
SF_4021,14,MALE,FRANCE,Subscriber,472,Mobile
SF_4022,33,MALE,CANADA,Subscriber,270,Desktop
SF_4023,53,FEMALE,ITALY,Free,423,Desktop
SF_4024,44,MALE,FRANCE,Subscriber,82,Tablet
SF_4025,28,FEMALE,INDIA,Subscriber,140,Mobile
SF_4026,29,MALE,ITALY,Subscriber,272,Mobile
SF_4027,40,FEMALE,CANADA,Subscriber,103,Mobile
SF_4028,14,MALE,FRANCE,Free,179,Mobile
SF_4029,52,FEMALE,FRANCE,Subscriber,380,Tablet
SF_4030,64,MALE,CANADA,Free,123,Desktop
SF_4031,36,MALE,ITALY,Free,67,Mobile
SF_4032,22,MALE,ITALY,Subscriber,98,Desktop
SF_4033,39,MALE,UK,Free,86,Desktop
SF_4034,60,MALE,ITALY,Subscriber,177,Smart TV
SF_4035,27,MALE,UK,Subscriber,214,Desktop
SF_4036,48,MALE,INDIA,Free,100,Smart TV
SF_4037,62,MALE,USA,Free,253,Tablet
SF_4038,10,MALE,CANADA,Free,234,Tablet
SF_4039,60,MALE,CANADA,Subscriber,331,Tablet
SF_4040,54,MALE,USA,Subscriber,97,Smart TV
SF_4041,19,MALE,ITALY,Subscriber,410,Mobile
SF_4042,37,MALE,UK,Subscriber,232,Mobile
SF_4043,51,FEMALE,FRANCE,Free,411,Tablet
SF_4044,56,FEMALE,UK,Free,258,Tablet
SF_4045,35,MALE,CANADA,Free,44,Tablet
SF_4046,23,MALE,FRANCE,Free,466,Mobile
SF_4047,54,MALE,INDIA,Subscriber,157,Tablet
SF_4048,32,FEMALE,FRANCE,Subscriber,425,Tablet
SF_4049,18,MALE,USA,Subscriber,10,Mobile
SF_4050,49,MALE,CANADA,Subscriber,222,Smart TV
SF_4051,22,MALE,CANADA,Subscriber,377,Mobile
SF_4052,20,MALE,CANADA,Free,132,Desktop
SF_4053,29,MALE,ITALY,Free,227,Mobile
SF_4054,61,MALE,ITALY,Subscriber,494,Desktop
SF_4055,24,MALE,CANADA,Free,26,Tablet
SF_4056,44,MALE,CANADA,Subscriber,233,Tablet
SF_4057,44,MALE,CANADA,Subscriber,485,Tablet
SF_4058,55,MALE,UK,Free,131,Tablet
SF_4059,40,MALE,USA,Free,99,Tablet
SF_4060,51,MALE,UK,Subscriber,490,Tablet
SF_4061,10,MALE,FRANCE,Free,399,Mobile
SF_4062,59,MALE,FRANCE,Free,216,Tablet
SF_4063,41,FEMALE,USA,Subscriber,323,Desktop
SF_4064,49,MALE,ITALY,Free,288,Mobile
SF_4065,53,FEMALE,UK,Free,60,Smart TV
SF_4066,9,MALE,CANADA,Free,192,Mobile
SF_4067,33,MALE,USA,Free,382,Desktop
SF_4068,13,MALE,FRANCE,Subscriber,48,Desktop
SF_4069,17,MALE,ITALY,Free,388,Tablet
SF_4070,34,MALE,INDIA,Free,266,Tablet
SF_4071,51,MALE,USA,Subscriber,199,Desktop
SF_4072,27,MALE,CANADA,Free,167,Tablet
SF_4073,37,MALE,ITALY,Subscriber,275,Mobile
SF_4074,38,MALE,INDIA,Subscriber,420,Smart TV
SF_4075,58,MALE,INDIA,Free,336,Desktop
SF_4076,60,MALE,FRANCE,Free,440,Mobile
SF_4077,41,FEMALE,USA,Free,37,Smart TV
SF_4078,27,MALE,CANADA,Free,104,Mobile
SF_4079,23,MALE,USA,Subscriber,145,Desktop
SF_4080,35,MALE,USA,Subscriber,20,Smart TV
SF_4081,26,MALE,CANADA,Subscriber,400,Smart TV
SF_4082,52,MALE,INDIA,Free,67,Smart TV
SF_4083,59,MALE,USA,Free,391,Mobile
SF_4084,62,MALE,FRANCE,Subscriber,150,Desktop
SF_4085,50,FEMALE,FRANCE,Subscriber,408,Tablet
SF_4086,52,FEMALE,UK,Subscriber,71,Desktop
SF_4087,14,MALE,INDIA,Free,459,Desktop
SF_4088,29,MALE,USA,Free,164,Smart TV
SF_4089,51,MALE,USA,Free,417,Mobile
SF_4090,43,MALE,CANADA,Subscriber,362,Tablet
SF_4091,28,MALE,INDIA,Free,57,Tablet
SF_4092,25,FEMALE,UK,Subscriber,322,Smart TV
SF_4093,59,MALE,INDIA,Free,487,Tablet
SF_4094,54,MALE,FRANCE,Subscriber,402,Tablet
SF_4095,37,MALE,CANADA,Free,364,Tablet
SF_4096,63,MALE,INDIA,Free,101,Tablet
SF_4097,37,MALE,CANADA,Subscriber,425,Mobile
SF_4098,41,MALE,USA,Free,238,Desktop
SF_4099,18,MALE,ITALY,Subscriber,369,Desktop
SF_4100,26,MALE,FRANCE,Free,265,Smart TV
SF_4101,54,MALE,ITALY,Subscriber,470,Smart TV
SF_4102,58,MALE,UK,Free,274,Tablet
SF_4103,21,MALE,FRANCE,Free,11,Desktop
SF_4104,39,MALE,FRANCE,Subscriber,371,Mobile
SF_4105,28,MALE,INDIA,Subscriber,495,Smart TV
SF_4106,52,MALE,CANADA,Free,408,Desktop
SF_4107,17,FEMALE,FRANCE,Subscriber,497,Mobile
SF_4108,40,MALE,CANADA,Subscriber,191,Tablet
SF_4109,59,MALE,ITALY,Subscriber,303,Desktop
SF_4110,9,FEMALE,INDIA,Subscriber,182,Mobile
SF_4111,49,MALE,ITALY,Subscriber,55,Desktop
SF_4112,58,MALE,ITALY,Free,426,Mobile
SF_4113,15,MALE,USA,Subscriber,451,Desktop
SF_4114,42,MALE,ITALY,Subscriber,421,Desktop
SF_4115,62,MALE,ITALY,Free,463,Smart TV
SF_4116,22,MALE,UK,Subscriber,449,Desktop
SF_4117,47,MALE,ITALY,Free,440,Smart TV
SF_4118,53,MALE,UK,Free,356,Desktop
SF_4119,17,MALE,ITALY,Free,247,Tablet
SF_4120,28,MALE,CANADA,Subscriber,89,Desktop
SF_4121,42,MALE,INDIA,Free,240,Tablet
SF_4122,14,MALE,UK,Free,393,Mobile
SF_4123,58,FEMALE,ITALY,Subscriber,46,Tablet
SF_4124,58,MALE,FRANCE,Free,71,Mobile
SF_4125,39,MALE,INDIA,Free,304,Mobile
SF_4126,19,MALE,INDIA,Free,497,Smart TV
SF_4127,62,MALE,ITALY,Free,340,Tablet
SF_4128,52,MALE,FRANCE,Free,415,Smart TV
SF_4129,16,MALE,INDIA,Free,329,Mobile
SF_4130,51,MALE,UK,Free,82,Mobile
SF_4131,17,MALE,INDIA,Free,481,Mobile
SF_4132,60,MALE,FRANCE,Subscriber,417,Desktop
SF_4133,19,MALE,USA,Subscriber,410,Mobile
SF_4134,27,FEMALE,ITALY,Subscriber,34,Tablet
SF_4135,36,MALE,ITALY,Subscriber,410,Desktop
SF_4136,19,MALE,USA,Subscriber,352,Tablet
SF_4137,13,MALE,USA,Free,35,Mobile
SF_4138,17,MALE,ITALY,Free,427,Tablet
SF_4139,57,MALE,FRANCE,Free,311,Mobile
SF_4140,12,MALE,ITALY,Free,41,Desktop
SF_4141,14,MALE,USA,Subscriber,348,Mobile
SF_4142,65,MALE,FRANCE,Subscriber,425,Smart TV
SF_4143,25,FEMALE,CANADA,Subscriber,307,Tablet
SF_4144,65,MALE,ITALY,Free,17,Mobile
SF_4145,58,FEMALE,UK,Subscriber,412,Tablet
SF_4146,50,MALE,ITALY,Free,238,Desktop
SF_4147,57,FEMALE,ITALY,Free,162,Smart TV
SF_4148,55,FEMALE,CANADA,Free,280,Smart TV
SF_4149,13,MALE,UK,Subscriber,171,Tablet
SF_4150,17,MALE,FRANCE,Free,402,Mobile
SF_4151,62,MALE,CANADA,Free,424,Mobile
SF_4152,61,MALE,USA,Subscriber,92,Mobile
SF_4153,21,MALE,INDIA,Free,21,Smart TV
SF_4154,50,MALE,CANADA,Free,232,Mobile
SF_4155,40,MALE,CANADA,Subscriber,388,Tablet
SF_4156,61,MALE,CANADA,Free,156,Smart TV
SF_4157,30,MALE,INDIA,Subscriber,176,Mobile
SF_4158,33,FEMALE,FRANCE,Free,21,Smart TV
SF_4159,39,FEMALE,FRANCE,Free,225,Smart TV
SF_4160,51,MALE,CANADA,Subscriber,382,Tablet
SF_4161,41,MALE,CANADA,Subscriber,450,Tablet
SF_4162,42,FEMALE,ITALY,Subscriber,353,Mobile
SF_4163,23,MALE,UK,Subscriber,480,Smart TV
SF_4164,63,MALE,CANADA,Free,440,Tablet
SF_4165,37,FEMALE,USA,Free,482,Mobile
SF_4166,24,FEMALE,INDIA,Subscriber,142,Mobile
SF_4167,48,MALE,INDIA,Subscriber,65,Smart TV
SF_4168,49,FEMALE,INDIA,Subscriber,178,Desktop
SF_4169,50,MALE,CANADA,Subscriber,425,Smart TV
SF_4170,41,MALE,INDIA,Free,281,Desktop
SF_4171,28,MALE,ITALY,Free,223,Tablet
SF_4172,61,MALE,ITALY,Free,28,Tablet
SF_4173,64,FEMALE,CANADA,Subscriber,98,Desktop
SF_4174,54,FEMALE,USA,Subscriber,453,Desktop
SF_4175,15,MALE,INDIA,Subscriber,136,Mobile
SF_4176,18,MALE,FRANCE,Subscriber,314,Tablet
SF_4177,10,MALE,CANADA,Subscriber,276,Mobile
SF_4178,65,FEMALE,INDIA,Free,338,Mobile
SF_4179,49,FEMALE,USA,Subscriber,310,Desktop
SF_4180,21,MALE,FRANCE,Subscriber,217,Smart TV
SF_4181,62,FEMALE,ITALY,Subscriber,105,Tablet
SF_4182,26,MALE,USA,Subscriber,427,Smart TV
SF_4183,50,MALE,UK,Subscriber,171,Mobile
SF_4184,30,MALE,UK,Subscriber,241,Mobile
SF_4185,35,MALE,FRANCE,Subscriber,341,Smart TV
SF_4186,28,MALE,CANADA,Subscriber,459,Tablet
SF_4187,65,FEMALE,UK,Free,161,Desktop
SF_4188,34,MALE,INDIA,Free,145,Mobile
SF_4189,14,MALE,INDIA,Free,499,Mobile
SF_4190,29,MALE,CANADA,Free,342,Mobile
SF_4191,14,FEMALE,INDIA,Free,456,Desktop
SF_4192,41,MALE,USA,Subscriber,41,Desktop
SF_4193,32,MALE,USA,Free,267,Desktop
SF_4194,20,MALE,CANADA,Free,31,Tablet
SF_4195,12,FEMALE,CANADA,Subscriber,473,Desktop
SF_4196,16,MALE,UK,Subscriber,332,Desktop
SF_4197,62,FEMALE,CANADA,Free,316,Desktop
SF_4198,55,MALE,CANADA,Subscriber,112,Tablet
SF_4199,29,FEMALE,INDIA,Free,175,Tablet
SF_4200,60,MALE,FRANCE,Free,480,Desktop
SF_4201,64,FEMALE,UK,Free,127,Tablet
SF_4202,11,MALE,INDIA,Free,174,Mobile
SF_4203,49,MALE,CANADA,Subscriber,497,Smart TV
SF_4204,63,MALE,INDIA,Subscriber,132,Smart TV
SF_4205,24,FEMALE,CANADA,Subscriber,209,Smart TV
SF_4206,15,FEMALE,UK,Free,307,Mobile
SF_4207,61,MALE,USA,Free,183,Smart TV
SF_4208,49,FEMALE,ITALY,Free,193,Mobile
SF_4209,19,MALE,USA,Free,87,Smart TV
SF_4210,25,MALE,CANADA,Free,498,Smart TV
SF_4211,40,MALE,USA,Free,83,Tablet
SF_4212,35,MALE,ITALY,Subscriber,289,Tablet
SF_4213,59,MALE,USA,Subscriber,445,Tablet
SF_4214,48,FEMALE,USA,Subscriber,486,Tablet
SF_4215,50,MALE,USA,Subscriber,162,Smart TV
SF_4216,38,MALE,CANADA,Free,343,Tablet
SF_4217,45,MALE,UK,Free,287,Tablet
SF_4218,9,MALE,CANADA,Free,135,Desktop
SF_4219,52,MALE,ITALY,Free,161,Tablet
SF_4220,59,MALE,ITALY,Subscriber,471,Smart TV
SF_4221,28,MALE,UK,Free,121,Desktop
SF_4222,16,FEMALE,FRANCE,Free,444,Mobile
SF_4223,34,FEMALE,INDIA,Subscriber,229,Smart TV
SF_4224,51,FEMALE,ITALY,Subscriber,165,Smart TV
SF_4225,52,FEMALE,UK,Subscriber,369,Tablet
SF_4226,28,FEMALE,USA,Free,60,Tablet
SF_4227,33,MALE,FRANCE,Subscriber,288,Smart TV
SF_4228,58,MALE,UK,Free,429,Desktop
SF_4229,29,MALE,UK,Subscriber,359,Desktop
SF_4230,61,MALE,INDIA,Subscriber,413,Tablet
SF_4231,37,FEMALE,INDIA,Free,219,Tablet
SF_4232,53,FEMALE,CANADA,Subscriber,162,Tablet
SF_4233,47,MALE,FRANCE,Free,485,Desktop
SF_4234,9,FEMALE,ITALY,Free,31,Desktop
SF_4235,62,MALE,USA,Free,446,Desktop
SF_4236,52,FEMALE,ITALY,Free,419,Tablet
SF_4237,45,MALE,FRANCE,Subscriber,457,Smart TV
SF_4238,65,MALE,ITALY,Subscriber,229,Smart TV
SF_4239,26,MALE,INDIA,Subscriber,247,Desktop
SF_4240,31,MALE,ITALY,Free,438,Tablet
SF_4241,50,MALE,ITALY,Free,56,Desktop
SF_4242,36,MALE,ITALY,Free,361,Mobile
SF_4243,34,MALE,UK,Free,185,Smart TV
SF_4244,35,MALE,CANADA,Subscriber,27,Smart TV
SF_4245,61,MALE,ITALY,Subscriber,340,Desktop
SF_4246,26,FEMALE,INDIA,Free,31,Desktop
SF_4247,57,MALE,USA,Free,103,Desktop
SF_4248,22,MALE,CANADA,Free,53,Smart TV
SF_4249,46,FEMALE,UK,Free,84,Mobile
SF_4250,47,FEMALE,ITALY,Subscriber,77,Mobile
SF_4251,9,MALE,USA,Free,72,Smart TV
SF_4252,28,FEMALE,UK,Subscriber,191,Desktop
SF_4253,22,MALE,INDIA,Subscriber,25,Desktop
SF_4254,59,MALE,ITALY,Subscriber,315,Tablet
SF_4255,45,MALE,ITALY,Free,302,Desktop
SF_4256,63,FEMALE,CANADA,Subscriber,210,Smart TV
SF_4257,51,MALE,FRANCE,Subscriber,489,Tablet
SF_4258,36,MALE,UK,Free,275,Mobile
SF_4259,58,MALE,INDIA,Subscriber,494,Tablet
SF_4260,28,MALE,INDIA,Free,498,Desktop
SF_4261,27,FEMALE,ITALY,Subscriber,494,Desktop
SF_4262,35,FEMALE,FRANCE,Free,91,Mobile
SF_4263,38,MALE,FRANCE,Subscriber,323,Mobile
SF_4264,54,MALE,FRANCE,Subscriber,134,Tablet
SF_4265,47,MALE,UK,Subscriber,151,Tablet
SF_4266,51,MALE,UK,Subscriber,159,Desktop
SF_4267,23,MALE,INDIA,Free,384,Tablet
SF_4268,62,FEMALE,ITALY,Subscriber,192,Smart TV
SF_4269,30,MALE,ITALY,Subscriber,491,Smart TV
SF_4270,57,MALE,ITALY,Subscriber,89,Smart TV
SF_4271,12,MALE,USA,Subscriber,157,Desktop
SF_4272,50,MALE,INDIA,Free,78,Tablet
SF_4273,29,MALE,UK,Free,410,Desktop
SF_4274,58,FEMALE,CANADA,Free,246,Mobile
SF_4275,14,FEMALE,FRANCE,Subscriber,264,Smart TV
SF_4276,56,FEMALE,UK,Subscriber,107,Mobile
SF_4277,48,MALE,UK,Free,256,Mobile
SF_4278,10,FEMALE,INDIA,Free,214,Smart TV
SF_4279,9,MALE,ITALY,Subscriber,282,Smart TV
SF_4280,46,MALE,ITALY,Free,429,Tablet
SF_4281,36,MALE,INDIA,Free,433,Desktop
SF_4282,25,MALE,INDIA,Subscriber,412,Desktop
SF_4283,54,FEMALE,USA,Free,451,Tablet
SF_4284,21,MALE,CANADA,Free,426,Mobile
SF_4285,56,MALE,UK,Subscriber,319,Desktop
SF_4286,18,MALE,UK,Free,63,Mobile
SF_4287,13,MALE,INDIA,Free,184,Tablet
SF_4288,36,FEMALE,USA,Subscriber,327,Smart TV
SF_4289,29,MALE,UK,Free,398,Mobile
SF_4290,11,MALE,INDIA,Free,428,Smart TV
SF_4291,43,MALE,CANADA,Free,264,Desktop
SF_4292,44,MALE,USA,Free,176,Smart TV
SF_4293,38,FEMALE,ITALY,Subscriber,441,Smart TV
SF_4294,31,MALE,USA,Free,168,Mobile
SF_4295,21,MALE,ITALY,Subscriber,432,Mobile
SF_4296,12,MALE,UK,Free,265,Tablet
SF_4297,54,MALE,INDIA,Subscriber,435,Desktop
SF_4298,26,FEMALE,USA,Free,446,Smart TV
SF_4299,23,FEMALE,USA,Free,106,Desktop
SF_4300,35,FEMALE,ITALY,Free,52,Smart TV
SF_4301,14,MALE,INDIA,Free,249,Desktop
SF_4302,17,MALE,INDIA,Free,269,Tablet
SF_4303,61,MALE,UK,Subscriber,491,Desktop
SF_4304,35,MALE,CANADA,Subscriber,425,Mobile
SF_4305,17,FEMALE,UK,Subscriber,442,Desktop
SF_4306,57,MALE,UK,Free,297,Tablet
SF_4307,58,MALE,INDIA,Free,499,Tablet
SF_4308,59,MALE,CANADA,Free,350,Tablet
SF_4309,37,MALE,USA,Free,333,Desktop
SF_4310,35,MALE,INDIA,Free,381,Tablet
SF_4311,40,MALE,UK,Free,333,Tablet
SF_4312,11,MALE,FRANCE,Subscriber,424,Tablet
SF_4313,55,FEMALE,UK,Free,367,Mobile
SF_4314,28,MALE,UK,Free,257,Tablet
SF_4315,62,MALE,CANADA,Free,93,Smart TV
SF_4316,16,MALE,UK,Subscriber,372,Desktop
SF_4317,30,FEMALE,USA,Subscriber,47,Smart TV
SF_4318,55,MALE,USA,Subscriber,303,Smart TV
SF_4319,61,MALE,FRANCE,Subscriber,143,Desktop
SF_4320,23,MALE,CANADA,Subscriber,173,Desktop
SF_4321,50,MALE,UK,Free,152,Smart TV
SF_4322,15,FEMALE,INDIA,Subscriber,36,Tablet
SF_4323,12,MALE,UK,Subscriber,432,Desktop
SF_4324,54,MALE,USA,Subscriber,330,Tablet
SF_4325,47,MALE,UK,Free,333,Smart TV
SF_4326,43,FEMALE,INDIA,Subscriber,58,Mobile
SF_4327,13,MALE,CANADA,Subscriber,344,Desktop
SF_4328,47,MALE,FRANCE,Free,105,Mobile
SF_4329,64,FEMALE,FRANCE,Free,178,Tablet
SF_4330,44,FEMALE,FRANCE,Subscriber,396,Mobile
SF_4331,40,MALE,INDIA,Free,42,Mobile
SF_4332,55,FEMALE,FRANCE,Subscriber,439,Tablet
SF_4333,16,MALE,FRANCE,Subscriber,236,Tablet
SF_4334,25,MALE,UK,Free,194,Desktop
SF_4335,43,MALE,FRANCE,Subscriber,186,Smart TV
SF_4336,46,FEMALE,FRANCE,Free,349,Mobile
SF_4337,65,MALE,ITALY,Subscriber,190,Desktop
SF_4338,29,FEMALE,CANADA,Subscriber,99,Smart TV
SF_4339,50,MALE,INDIA,Free,229,Tablet
SF_4340,39,FEMALE,CANADA,Subscriber,453,Mobile
SF_4341,46,MALE,ITALY,Free,136,Smart TV
SF_4342,37,MALE,UK,Subscriber,189,Smart TV
SF_4343,61,MALE,INDIA,Subscriber,42,Smart TV
SF_4344,28,MALE,UK,Free,296,Smart TV
SF_4345,51,FEMALE,ITALY,Free,349,Mobile
SF_4346,26,MALE,CANADA,Subscriber,256,Tablet
SF_4347,42,FEMALE,UK,Free,195,Tablet
SF_4348,49,MALE,USA,Free,340,Tablet
SF_4349,9,MALE,CANADA,Subscriber,289,Smart TV
SF_4350,42,MALE,FRANCE,Free,163,Smart TV
SF_4351,37,MALE,CANADA,Subscriber,281,Smart TV
SF_4352,49,MALE,INDIA,Subscriber,137,Smart TV
SF_4353,34,MALE,ITALY,Free,256,Mobile
SF_4354,52,MALE,INDIA,Subscriber,392,Tablet
SF_4355,31,MALE,CANADA,Subscriber,73,Desktop
SF_4356,61,MALE,UK,Subscriber,50,Mobile
SF_4357,9,FEMALE,ITALY,Free,416,Desktop
SF_4358,22,MALE,UK,Subscriber,267,Desktop
SF_4359,64,MALE,CANADA,Free,406,Tablet
SF_4360,49,FEMALE,UK,Free,135,Mobile
SF_4361,48,MALE,CANADA,Free,266,Mobile
SF_4362,39,MALE,UK,Free,242,Mobile
SF_4363,37,MALE,UK,Subscriber,82,Smart TV
SF_4364,47,MALE,INDIA,Free,254,Tablet
SF_4365,22,FEMALE,ITALY,Subscriber,261,Tablet
SF_4366,27,MALE,USA,Free,469,Smart TV
SF_4367,59,MALE,INDIA,Free,265,Desktop
SF_4368,23,MALE,ITALY,Subscriber,406,Mobile
SF_4369,35,MALE,ITALY,Subscriber,289,Desktop
SF_4370,27,MALE,ITALY,Subscriber,405,Smart TV
SF_4371,34,FEMALE,FRANCE,Subscriber,89,Mobile
SF_4372,19,MALE,CANADA,Subscriber,69,Smart TV
SF_4373,60,MALE,UK,Free,183,Desktop
SF_4374,29,MALE,USA,Subscriber,217,Desktop
SF_4375,35,FEMALE,INDIA,Subscriber,130,Smart TV
SF_4376,53,FEMALE,CANADA,Free,102,Mobile
SF_4377,33,MALE,ITALY,Free,256,Desktop
SF_4378,14,MALE,USA,Subscriber,167,Desktop
SF_4379,47,MALE,INDIA,Free,102,Mobile
SF_4380,39,FEMALE,CANADA,Subscriber,348,Desktop
SF_4381,56,MALE,CANADA,Free,139,Mobile
SF_4382,45,MALE,FRANCE,Subscriber,164,Tablet
SF_4383,26,FEMALE,USA,Free,122,Desktop
SF_4384,49,MALE,ITALY,Free,195,Tablet
SF_4385,57,MALE,UK,Subscriber,446,Mobile
SF_4386,28,MALE,ITALY,Free,341,Mobile
SF_4387,58,FEMALE,ITALY,Subscriber,129,Mobile
SF_4388,41,MALE,CANADA,Subscriber,101,Desktop
SF_4389,47,MALE,INDIA,Free,79,Tablet
SF_4390,14,MALE,INDIA,Free,279,Tablet
SF_4391,51,FEMALE,INDIA,Subscriber,14,Desktop
SF_4392,9,MALE,FRANCE,Subscriber,201,Smart TV
SF_4393,43,MALE,USA,Free,225,Tablet
SF_4394,16,MALE,FRANCE,Free,487,Desktop
SF_4395,56,MALE,FRANCE,Subscriber,155,Mobile
SF_4396,55,MALE,ITALY,Free,164,Desktop
SF_4397,64,MALE,ITALY,Free,418,Smart TV
SF_4398,48,FEMALE,UK,Subscriber,88,Desktop
SF_4399,61,FEMALE,USA,Free,304,Desktop
SF_4400,42,FEMALE,UK,Subscriber,425,Smart TV
SF_4401,46,MALE,CANADA,Free,368,Mobile
SF_4402,10,FEMALE,INDIA,Free,92,Mobile
SF_4403,23,MALE,USA,Free,443,Tablet
SF_4404,63,MALE,INDIA,Subscriber,457,Desktop
SF_4405,40,MALE,CANADA,Subscriber,297,Smart TV
SF_4406,14,MALE,ITALY,Subscriber,471,Desktop
SF_4407,48,MALE,FRANCE,Free,126,Desktop
SF_4408,20,FEMALE,ITALY,Subscriber,415,Tablet
SF_4409,47,MALE,INDIA,Free,243,Desktop
SF_4410,51,MALE,CANADA,Free,407,Mobile
SF_4411,51,MALE,UK,Subscriber,412,Desktop
SF_4412,19,MALE,USA,Free,71,Mobile
SF_4413,55,MALE,FRANCE,Subscriber,261,Desktop
SF_4414,12,MALE,USA,Free,317,Smart TV
SF_4415,51,MALE,ITALY,Subscriber,252,Mobile
SF_4416,28,MALE,USA,Subscriber,390,Smart TV
SF_4417,56,MALE,UK,Free,356,Smart TV
SF_4418,40,FEMALE,UK,Free,198,Smart TV
SF_4419,56,FEMALE,CANADA,Free,140,Tablet
SF_4420,50,MALE,ITALY,Subscriber,400,Tablet
SF_4421,25,MALE,ITALY,Subscriber,344,Mobile
SF_4422,39,MALE,FRANCE,Free,434,Smart TV
SF_4423,58,MALE,FRANCE,Free,96,Mobile
SF_4424,49,MALE,USA,Free,496,Smart TV
SF_4425,52,MALE,USA,Free,466,Mobile
SF_4426,22,MALE,ITALY,Free,221,Mobile
SF_4427,25,MALE,INDIA,Free,367,Mobile
SF_4428,23,MALE,FRANCE,Subscriber,259,Smart TV
SF_4429,9,MALE,CANADA,Free,486,Smart TV
SF_4430,42,FEMALE,USA,Free,225,Smart TV
SF_4431,48,MALE,UK,Subscriber,377,Desktop
SF_4432,46,MALE,FRANCE,Subscriber,445,Desktop
SF_4433,63,MALE,ITALY,Free,314,Mobile
SF_4434,12,FEMALE,UK,Free,76,Mobile
SF_4435,27,MALE,INDIA,Free,488,Tablet
SF_4436,23,MALE,CANADA,Subscriber,263,Smart TV
SF_4437,27,FEMALE,ITALY,Free,216,Mobile
SF_4438,25,MALE,UK,Subscriber,467,Tablet
SF_4439,9,MALE,UK,Free,191,Smart TV
SF_4440,37,MALE,CANADA,Free,330,Tablet
SF_4441,38,MALE,UK,Subscriber,26,Smart TV
SF_4442,56,MALE,INDIA,Free,471,Desktop
SF_4443,31,MALE,INDIA,Subscriber,365,Smart TV
SF_4444,33,FEMALE,UK,Subscriber,499,Smart TV
SF_4445,32,MALE,INDIA,Subscriber,354,Smart TV
SF_4446,44,MALE,INDIA,Free,388,Mobile
SF_4447,10,MALE,ITALY,Subscriber,264,Mobile
SF_4448,34,MALE,UK,Free,414,Tablet
SF_4449,60,MALE,FRANCE,Subscriber,80,Smart TV
SF_4450,54,MALE,FRANCE,Subscriber,270,Mobile
SF_4451,13,MALE,ITALY,Subscriber,406,Desktop
SF_4452,50,FEMALE,ITALY,Subscriber,47,Smart TV
SF_4453,41,MALE,FRANCE,Free,70,Desktop
SF_4454,39,MALE,CANADA,Subscriber,87,Mobile
SF_4455,21,MALE,USA,Free,87,Desktop
SF_4456,22,FEMALE,ITALY,Free,453,Desktop
SF_4457,43,MALE,CANADA,Free,256,Mobile
SF_4458,41,FEMALE,UK,Subscriber,337,Smart TV
SF_4459,9,MALE,ITALY,Subscriber,159,Tablet
SF_4460,63,MALE,INDIA,Subscriber,132,Tablet
SF_4461,33,MALE,INDIA,Free,479,Desktop
SF_4462,30,FEMALE,ITALY,Free,99,Tablet
SF_4463,62,MALE,ITALY,Subscriber,404,Tablet
SF_4464,43,FEMALE,UK,Subscriber,390,Mobile
SF_4465,61,MALE,UK,Free,481,Desktop
SF_4466,25,MALE,CANADA,Free,462,Mobile
SF_4467,20,FEMALE,FRANCE,Free,322,Desktop
SF_4468,53,FEMALE,CANADA,Free,254,Tablet
SF_4469,47,FEMALE,FRANCE,Subscriber,247,Tablet
SF_4470,20,MALE,FRANCE,Free,404,Tablet
SF_4471,32,MALE,UK,Free,368,Mobile
SF_4472,41,FEMALE,CANADA,Free,456,Mobile
SF_4473,32,MALE,UK,Free,231,Smart TV
SF_4474,44,MALE,USA,Subscriber,461,Tablet
SF_4475,52,MALE,UK,Subscriber,405,Mobile
SF_4476,18,MALE,FRANCE,Free,214,Desktop
SF_4477,55,MALE,UK,Free,339,Desktop
SF_4478,16,MALE,USA,Free,441,Smart TV
SF_4479,12,MALE,USA,Free,196,Desktop
SF_4480,32,MALE,USA,Free,48,Tablet
SF_4481,40,MALE,FRANCE,Subscriber,24,Smart TV
SF_4482,51,FEMALE,INDIA,Subscriber,87,Tablet
SF_4483,11,FEMALE,USA,Free,307,Tablet
SF_4484,15,FEMALE,UK,Subscriber,429,Tablet
SF_4485,16,MALE,INDIA,Subscriber,145,Smart TV
SF_4486,26,MALE,FRANCE,Subscriber,193,Mobile
SF_4487,64,MALE,UK,Free,337,Smart TV
SF_4488,65,MALE,FRANCE,Subscriber,111,Desktop
SF_4489,18,MALE,CANADA,Free,69,Desktop
SF_4490,64,MALE,CANADA,Free,384,Tablet
SF_4491,61,MALE,ITALY,Free,325,Desktop
SF_4492,53,MALE,FRANCE,Subscriber,393,Smart TV
SF_4493,54,FEMALE,INDIA,Subscriber,53,Smart TV
SF_4494,38,MALE,UK,Subscriber,320,Mobile
SF_4495,35,MALE,ITALY,Free,463,Smart TV
SF_4496,44,MALE,UK,Subscriber,463,Smart TV
SF_4497,65,MALE,USA,Subscriber,458,Smart TV
SF_4498,26,MALE,UK,Subscriber,10,Desktop
SF_4499,54,MALE,USA,Free,318,Tablet
SF_4500,59,MALE,INDIA,Subscriber,330,Mobile
SF_4501,52,MALE,USA,Subscriber,315,Tablet
SF_4502,39,MALE,FRANCE,Subscriber,330,Tablet
SF_4503,44,MALE,USA,Subscriber,163,Tablet
SF_4504,61,FEMALE,ITALY,Subscriber,359,Desktop
SF_4505,44,MALE,UK,Subscriber,373,Mobile
SF_4506,37,MALE,USA,Subscriber,244,Mobile
SF_4507,35,MALE,UK,Free,228,Mobile
SF_4508,23,MALE,ITALY,Free,254,Smart TV
SF_4509,18,MALE,CANADA,Free,166,Tablet
SF_4510,42,MALE,ITALY,Subscriber,455,Desktop
SF_4511,29,MALE,INDIA,Free,227,Desktop
SF_4512,52,MALE,ITALY,Free,152,Smart TV
SF_4513,17,MALE,USA,Free,316,Mobile
SF_4514,45,MALE,USA,Free,477,Mobile
SF_4515,63,MALE,USA,Subscriber,97,Tablet
SF_4516,53,MALE,INDIA,Free,365,Tablet
SF_4517,45,FEMALE,FRANCE,Free,426,Desktop
SF_4518,30,MALE,CANADA,Subscriber,83,Desktop
SF_4519,23,MALE,USA,Subscriber,350,Tablet
SF_4520,27,MALE,CANADA,Subscriber,143,Smart TV
SF_4521,58,MALE,CANADA,Subscriber,478,Smart TV
SF_4522,26,MALE,UK,Free,209,Mobile
SF_4523,51,MALE,CANADA,Subscriber,71,Tablet
SF_4524,36,MALE,INDIA,Subscriber,433,Mobile
SF_4525,65,MALE,USA,Free,465,Mobile
SF_4526,44,MALE,CANADA,Free,402,Tablet
SF_4527,50,MALE,UK,Free,337,Tablet
SF_4528,60,MALE,CANADA,Subscriber,307,Desktop
SF_4529,23,MALE,INDIA,Free,191,Smart TV
SF_4530,63,FEMALE,USA,Subscriber,235,Smart TV
SF_4531,57,MALE,ITALY,Free,445,Mobile
SF_4532,28,MALE,INDIA,Free,445,Mobile
SF_4533,34,MALE,USA,Subscriber,127,Smart TV
SF_4534,34,MALE,CANADA,Free,310,Smart TV
SF_4535,53,MALE,INDIA,Subscriber,49,Mobile
SF_4536,10,MALE,UK,Free,346,Tablet
SF_4537,62,FEMALE,USA,Subscriber,40,Smart TV
SF_4538,63,MALE,ITALY,Subscriber,371,Mobile
SF_4539,28,MALE,FRANCE,Free,500,Tablet
SF_4540,36,FEMALE,FRANCE,Subscriber,10,Tablet
SF_4541,47,MALE,USA,Free,97,Tablet
SF_4542,57,MALE,INDIA,Subscriber,469,Desktop
SF_4543,40,MALE,FRANCE,Subscriber,487,Mobile
SF_4544,55,MALE,CANADA,Free,303,Tablet
SF_4545,10,MALE,CANADA,Subscriber,353,Desktop
SF_4546,34,MALE,USA,Subscriber,307,Tablet
SF_4547,45,MALE,ITALY,Free,310,Mobile
SF_4548,45,MALE,USA,Free,138,Mobile
SF_4549,14,FEMALE,INDIA,Free,357,Desktop
SF_4550,35,MALE,USA,Free,47,Smart TV
SF_4551,23,MALE,INDIA,Subscriber,342,Desktop
SF_4552,14,MALE,CANADA,Subscriber,350,Smart TV
SF_4553,53,FEMALE,ITALY,Free,446,Tablet
SF_4554,26,FEMALE,UK,Subscriber,457,Mobile
SF_4555,15,FEMALE,ITALY,Subscriber,80,Desktop
SF_4556,28,MALE,INDIA,Subscriber,399,Smart TV
SF_4557,60,MALE,USA,Subscriber,427,Mobile
SF_4558,33,MALE,ITALY,Subscriber,171,Smart TV
SF_4559,41,MALE,INDIA,Subscriber,156,Desktop
SF_4560,35,MALE,ITALY,Free,380,Smart TV
SF_4561,41,FEMALE,ITALY,Free,485,Desktop
SF_4562,60,MALE,UK,Free,138,Mobile
SF_4563,28,FEMALE,FRANCE,Free,97,Tablet
SF_4564,40,MALE,CANADA,Free,105,Desktop
SF_4565,51,MALE,FRANCE,Subscriber,139,Desktop
SF_4566,57,MALE,INDIA,Free,264,Mobile
SF_4567,20,MALE,INDIA,Subscriber,59,Smart TV
SF_4568,52,FEMALE,USA,Subscriber,261,Tablet
SF_4569,16,MALE,FRANCE,Subscriber,323,Smart TV
SF_4570,41,MALE,CANADA,Free,138,Tablet
SF_4571,17,MALE,USA,Subscriber,200,Smart TV
SF_4572,41,FEMALE,FRANCE,Free,276,Desktop
SF_4573,16,MALE,ITALY,Free,493,Mobile
SF_4574,26,MALE,ITALY,Free,183,Mobile
SF_4575,25,FEMALE,UK,Free,363,Mobile
SF_4576,35,FEMALE,UK,Subscriber,131,Tablet
SF_4577,31,MALE,ITALY,Subscriber,465,Tablet
SF_4578,15,MALE,USA,Free,187,Mobile
SF_4579,13,FEMALE,CANADA,Free,245,Mobile
SF_4580,15,FEMALE,UK,Subscriber,374,Smart TV
SF_4581,14,MALE,UK,Free,398,Mobile
SF_4582,29,FEMALE,CANADA,Free,234,Tablet
SF_4583,20,MALE,INDIA,Free,450,Smart TV
SF_4584,34,FEMALE,UK,Free,152,Desktop
SF_4585,61,MALE,UK,Subscriber,109,Tablet
SF_4586,19,MALE,CANADA,Subscriber,11,Mobile
SF_4587,65,MALE,FRANCE,Free,247,Smart TV
SF_4588,10,FEMALE,ITALY,Subscriber,207,Desktop
SF_4589,25,MALE,INDIA,Free,327,Desktop
SF_4590,32,FEMALE,CANADA,Subscriber,211,Tablet
SF_4591,56,MALE,CANADA,Subscriber,401,Desktop
SF_4592,28,MALE,FRANCE,Free,61,Smart TV
SF_4593,17,FEMALE,FRANCE,Subscriber,296,Tablet
SF_4594,44,MALE,INDIA,Free,82,Mobile
SF_4595,51,MALE,INDIA,Free,107,Tablet
SF_4596,30,FEMALE,UK,Free,427,Smart TV
SF_4597,11,FEMALE,FRANCE,Free,67,Desktop
SF_4598,23,FEMALE,UK,Free,16,Smart TV
SF_4599,40,FEMALE,UK,Free,466,Tablet
SF_4600,15,MALE,INDIA,Subscriber,231,Desktop
SF_4601,49,MALE,CANADA,Subscriber,309,Desktop
SF_4602,54,MALE,ITALY,Subscriber,103,Desktop
SF_4603,46,FEMALE,ITALY,Free,361,Mobile
SF_4604,59,MALE,USA,Free,274,Mobile
SF_4605,47,MALE,INDIA,Subscriber,120,Desktop
SF_4606,45,FEMALE,CANADA,Subscriber,156,Desktop
SF_4607,12,MALE,ITALY,Free,194,Tablet
SF_4608,38,FEMALE,CANADA,Free,373,Smart TV
SF_4609,41,FEMALE,UK,Free,113,Desktop
SF_4610,54,FEMALE,INDIA,Subscriber,206,Smart TV
SF_4611,61,FEMALE,FRANCE,Free,102,Desktop
SF_4612,61,FEMALE,FRANCE,Free,50,Tablet
SF_4613,28,MALE,FRANCE,Subscriber,417,Mobile
SF_4614,32,FEMALE,USA,Free,204,Tablet
SF_4615,19,MALE,INDIA,Subscriber,377,Mobile
SF_4616,57,MALE,CANADA,Free,165,Desktop
SF_4617,46,FEMALE,FRANCE,Subscriber,411,Tablet
SF_4618,10,MALE,FRANCE,Free,205,Desktop
SF_4619,34,FEMALE,ITALY,Free,331,Desktop
SF_4620,30,FEMALE,UK,Free,268,Desktop
SF_4621,35,MALE,INDIA,Free,377,Tablet
SF_4622,11,MALE,FRANCE,Free,367,Smart TV
SF_4623,38,MALE,INDIA,Subscriber,492,Tablet
SF_4624,40,MALE,FRANCE,Free,193,Mobile
SF_4625,30,MALE,UK,Free,416,Smart TV
SF_4626,29,MALE,UK,Subscriber,276,Tablet
SF_4627,44,MALE,FRANCE,Subscriber,73,Desktop
SF_4628,65,FEMALE,UK,Free,368,Smart TV
SF_4629,9,FEMALE,CANADA,Free,119,Mobile
SF_4630,31,FEMALE,INDIA,Free,394,Desktop
SF_4631,47,MALE,ITALY,Free,164,Smart TV
SF_4632,58,MALE,USA,Subscriber,435,Mobile
SF_4633,32,MALE,FRANCE,Subscriber,264,Mobile
SF_4634,52,MALE,INDIA,Free,332,Smart TV
SF_4635,55,MALE,UK,Free,60,Tablet
SF_4636,12,MALE,ITALY,Subscriber,188,Desktop
SF_4637,10,FEMALE,INDIA,Subscriber,301,Tablet
SF_4638,41,MALE,UK,Subscriber,459,Tablet
SF_4639,16,MALE,USA,Free,383,Desktop
SF_4640,64,MALE,INDIA,Free,340,Tablet
SF_4641,56,MALE,INDIA,Subscriber,264,Desktop
SF_4642,55,MALE,INDIA,Free,122,Desktop
SF_4643,15,MALE,USA,Subscriber,107,Desktop
SF_4644,27,MALE,INDIA,Subscriber,228,Tablet
SF_4645,62,FEMALE,CANADA,Subscriber,264,Mobile
SF_4646,13,FEMALE,CANADA,Subscriber,312,Desktop
SF_4647,49,MALE,ITALY,Free,206,Tablet
SF_4648,27,MALE,CANADA,Subscriber,471,Smart TV
SF_4649,21,MALE,USA,Subscriber,377,Tablet
SF_4650,51,MALE,ITALY,Free,55,Mobile
SF_4651,40,FEMALE,CANADA,Subscriber,103,Smart TV
SF_4652,60,FEMALE,INDIA,Subscriber,375,Smart TV
SF_4653,21,MALE,INDIA,Free,103,Tablet
SF_4654,57,MALE,INDIA,Subscriber,50,Smart TV
SF_4655,55,FEMALE,INDIA,Subscriber,29,Desktop
SF_4656,23,MALE,FRANCE,Subscriber,493,Desktop
SF_4657,57,MALE,CANADA,Free,377,Desktop
SF_4658,36,MALE,CANADA,Free,364,Tablet
SF_4659,60,FEMALE,USA,Subscriber,281,Smart TV
SF_4660,12,FEMALE,CANADA,Subscriber,24,Tablet
SF_4661,37,MALE,ITALY,Subscriber,299,Smart TV
SF_4662,44,FEMALE,USA,Subscriber,458,Tablet
SF_4663,48,MALE,UK,Subscriber,97,Mobile
SF_4664,46,FEMALE,INDIA,Free,346,Desktop
SF_4665,46,MALE,ITALY,Free,476,Smart TV
SF_4666,24,MALE,CANADA,Subscriber,202,Smart TV
SF_4667,33,MALE,CANADA,Subscriber,216,Smart TV
SF_4668,60,MALE,ITALY,Subscriber,379,Tablet
SF_4669,41,MALE,FRANCE,Free,438,Desktop
SF_4670,45,MALE,USA,Free,273,Mobile
SF_4671,29,MALE,INDIA,Subscriber,23,Tablet
SF_4672,60,MALE,ITALY,Subscriber,264,Desktop
SF_4673,30,MALE,UK,Free,112,Mobile
SF_4674,10,FEMALE,FRANCE,Free,197,Tablet
SF_4675,23,FEMALE,INDIA,Free,174,Desktop
SF_4676,58,MALE,FRANCE,Free,44,Mobile
SF_4677,49,MALE,CANADA,Subscriber,326,Smart TV
SF_4678,48,MALE,INDIA,Subscriber,363,Smart TV
SF_4679,57,MALE,INDIA,Free,419,Desktop
SF_4680,35,MALE,UK,Free,243,Tablet
SF_4681,58,FEMALE,USA,Free,482,Mobile
SF_4682,37,MALE,ITALY,Subscriber,14,Smart TV
SF_4683,31,MALE,USA,Free,103,Mobile
SF_4684,46,FEMALE,FRANCE,Subscriber,97,Mobile
SF_4685,44,MALE,UK,Free,329,Mobile
SF_4686,9,MALE,FRANCE,Free,104,Desktop
SF_4687,60,MALE,FRANCE,Subscriber,390,Smart TV
SF_4688,38,MALE,FRANCE,Free,272,Mobile
SF_4689,51,MALE,ITALY,Free,190,Mobile
SF_4690,55,FEMALE,ITALY,Subscriber,407,Tablet
SF_4691,46,FEMALE,UK,Free,170,Desktop
SF_4692,55,FEMALE,UK,Free,445,Tablet
SF_4693,52,MALE,UK,Subscriber,116,Mobile
SF_4694,19,MALE,USA,Free,431,Smart TV
SF_4695,52,MALE,CANADA,Free,370,Desktop
SF_4696,13,MALE,CANADA,Subscriber,263,Mobile
SF_4697,62,MALE,INDIA,Subscriber,269,Smart TV
SF_4698,57,FEMALE,USA,Free,68,Mobile
SF_4699,20,FEMALE,UK,Free,225,Tablet
SF_4700,35,FEMALE,FRANCE,Free,180,Tablet
SF_4701,27,MALE,UK,Subscriber,261,Tablet
SF_4702,32,MALE,INDIA,Free,267,Smart TV
SF_4703,36,MALE,ITALY,Free,332,Desktop
SF_4704,23,MALE,UK,Subscriber,420,Desktop
SF_4705,34,FEMALE,INDIA,Subscriber,413,Smart TV
SF_4706,19,MALE,UK,Free,241,Smart TV
SF_4707,20,MALE,CANADA,Free,196,Mobile
SF_4708,17,MALE,ITALY,Subscriber,50,Smart TV
SF_4709,52,MALE,FRANCE,Subscriber,467,Desktop
SF_4710,50,FEMALE,USA,Free,113,Tablet
SF_4711,56,MALE,UK,Free,485,Tablet
SF_4712,15,MALE,FRANCE,Free,355,Desktop
SF_4713,26,MALE,USA,Subscriber,284,Mobile
SF_4714,33,MALE,USA,Free,150,Smart TV
SF_4715,62,MALE,INDIA,Subscriber,456,Mobile
SF_4716,58,FEMALE,INDIA,Free,197,Smart TV
SF_4717,52,MALE,USA,Subscriber,330,Mobile
SF_4718,36,MALE,USA,Subscriber,44,Tablet
SF_4719,38,FEMALE,CANADA,Free,372,Mobile
SF_4720,18,MALE,CANADA,Subscriber,269,Mobile
SF_4721,32,MALE,CANADA,Subscriber,320,Smart TV
SF_4722,42,MALE,INDIA,Subscriber,78,Smart TV
SF_4723,42,MALE,INDIA,Free,351,Smart TV
SF_4724,56,FEMALE,FRANCE,Free,467,Desktop
SF_4725,40,MALE,CANADA,Subscriber,337,Desktop
SF_4726,22,FEMALE,UK,Free,181,Smart TV
SF_4727,59,FEMALE,INDIA,Free,273,Smart TV
SF_4728,63,MALE,USA,Free,273,Smart TV
SF_4729,10,MALE,INDIA,Subscriber,259,Mobile
SF_4730,31,MALE,CANADA,Subscriber,224,Mobile
SF_4731,12,MALE,USA,Free,399,Desktop
SF_4732,11,MALE,UK,Free,477,Mobile
SF_4733,39,MALE,INDIA,Subscriber,408,Tablet
SF_4734,56,MALE,FRANCE,Subscriber,197,Desktop
SF_4735,57,MALE,CANADA,Subscriber,386,Desktop
SF_4736,53,MALE,UK,Subscriber,349,Mobile
SF_4737,30,MALE,INDIA,Subscriber,433,Desktop
SF_4738,23,MALE,UK,Free,485,Desktop
SF_4739,45,MALE,CANADA,Subscriber,154,Smart TV
SF_4740,16,FEMALE,CANADA,Subscriber,473,Tablet
SF_4741,40,MALE,ITALY,Free,160,Desktop
SF_4742,28,MALE,FRANCE,Subscriber,315,Smart TV
SF_4743,22,MALE,UK,Subscriber,90,Mobile
SF_4744,43,MALE,INDIA,Free,235,Desktop
SF_4745,53,FEMALE,USA,Free,275,Tablet
SF_4746,64,MALE,CANADA,Free,346,Tablet
SF_4747,31,MALE,CANADA,Subscriber,41,Tablet
SF_4748,33,MALE,CANADA,Subscriber,31,Tablet
SF_4749,14,MALE,ITALY,Free,212,Tablet
SF_4750,55,FEMALE,ITALY,Free,170,Mobile
SF_4751,22,MALE,FRANCE,Subscriber,493,Mobile
SF_4752,60,FEMALE,ITALY,Free,195,Tablet
SF_4753,63,MALE,INDIA,Free,271,Smart TV
SF_4754,41,FEMALE,CANADA,Subscriber,368,Mobile
SF_4755,63,FEMALE,INDIA,Free,276,Desktop
SF_4756,64,MALE,UK,Free,348,Desktop
SF_4757,40,MALE,UK,Free,442,Tablet
SF_4758,60,FEMALE,ITALY,Free,458,Smart TV
SF_4759,36,FEMALE,UK,Free,201,Desktop
SF_4760,26,MALE,ITALY,Free,377,Tablet
SF_4761,22,MALE,FRANCE,Subscriber,307,Desktop
SF_4762,46,FEMALE,FRANCE,Subscriber,160,Mobile
SF_4763,49,MALE,FRANCE,Subscriber,54,Mobile
SF_4764,42,MALE,ITALY,Free,165,Smart TV
SF_4765,58,FEMALE,ITALY,Free,441,Smart TV
SF_4766,44,MALE,ITALY,Free,213,Smart TV
SF_4767,43,FEMALE,INDIA,Free,224,Smart TV
SF_4768,18,MALE,USA,Free,385,Mobile
SF_4769,63,MALE,UK,Free,91,Tablet
SF_4770,59,FEMALE,ITALY,Subscriber,13,Smart TV
SF_4771,27,FEMALE,FRANCE,Free,260,Desktop
SF_4772,38,MALE,CANADA,Subscriber,495,Tablet
SF_4773,53,MALE,ITALY,Free,210,Tablet
SF_4774,53,MALE,USA,Free,368,Mobile
SF_4775,20,MALE,USA,Subscriber,135,Desktop
SF_4776,11,FEMALE,INDIA,Subscriber,372,Smart TV
SF_4777,9,MALE,USA,Free,31,Tablet
SF_4778,46,MALE,CANADA,Subscriber,101,Mobile
SF_4779,65,MALE,UK,Subscriber,273,Mobile
SF_4780,25,MALE,ITALY,Subscriber,159,Desktop
SF_4781,19,FEMALE,USA,Subscriber,418,Mobile
SF_4782,28,MALE,FRANCE,Subscriber,166,Mobile
SF_4783,20,MALE,USA,Subscriber,334,Tablet
SF_4784,15,FEMALE,CANADA,Free,325,Mobile
SF_4785,22,FEMALE,FRANCE,Subscriber,56,Mobile
SF_4786,18,MALE,USA,Subscriber,71,Mobile
SF_4787,23,MALE,CANADA,Free,196,Smart TV
SF_4788,60,MALE,INDIA,Subscriber,353,Desktop
SF_4789,47,MALE,ITALY,Free,205,Mobile
SF_4790,51,FEMALE,FRANCE,Free,261,Desktop
SF_4791,25,MALE,USA,Subscriber,494,Tablet
SF_4792,57,FEMALE,ITALY,Subscriber,166,Tablet
SF_4793,53,FEMALE,FRANCE,Subscriber,476,Mobile
SF_4794,44,FEMALE,INDIA,Free,489,Smart TV
SF_4795,42,MALE,FRANCE,Subscriber,221,Mobile
SF_4796,54,MALE,INDIA,Subscriber,328,Smart TV
SF_4797,20,FEMALE,FRANCE,Free,262,Mobile
SF_4798,36,MALE,CANADA,Free,440,Smart TV
SF_4799,11,FEMALE,USA,Subscriber,54,Tablet
SF_4800,52,MALE,CANADA,Free,465,Desktop
SF_4801,17,MALE,INDIA,Subscriber,440,Tablet
SF_4802,43,MALE,INDIA,Subscriber,473,Mobile
SF_4803,53,FEMALE,ITALY,Free,152,Smart TV
SF_4804,45,FEMALE,ITALY,Free,412,Mobile
SF_4805,56,MALE,USA,Free,20,Smart TV
SF_4806,63,MALE,INDIA,Free,244,Mobile
SF_4807,9,MALE,ITALY,Subscriber,237,Desktop
SF_4808,49,MALE,FRANCE,Subscriber,347,Desktop
SF_4809,23,FEMALE,INDIA,Subscriber,387,Desktop
SF_4810,13,MALE,USA,Subscriber,239,Smart TV
SF_4811,16,MALE,ITALY,Subscriber,65,Desktop
SF_4812,12,MALE,CANADA,Subscriber,76,Smart TV
SF_4813,40,FEMALE,INDIA,Free,66,Desktop
SF_4814,59,MALE,INDIA,Free,350,Smart TV
SF_4815,35,FEMALE,USA,Subscriber,417,Tablet
SF_4816,56,FEMALE,FRANCE,Free,237,Tablet
SF_4817,60,MALE,ITALY,Free,127,Desktop
SF_4818,35,FEMALE,UK,Free,255,Smart TV
SF_4819,18,MALE,USA,Subscriber,437,Mobile
SF_4820,47,MALE,FRANCE,Subscriber,109,Desktop
SF_4821,44,MALE,CANADA,Free,226,Desktop
SF_4822,35,FEMALE,ITALY,Free,14,Smart TV
SF_4823,41,MALE,FRANCE,Subscriber,258,Mobile
SF_4824,11,MALE,UK,Free,306,Tablet
SF_4825,19,MALE,UK,Subscriber,417,Desktop
SF_4826,27,MALE,USA,Free,276,Smart TV
SF_4827,60,MALE,CANADA,Subscriber,107,Desktop
SF_4828,53,FEMALE,FRANCE,Free,86,Tablet
SF_4829,9,MALE,USA,Free,273,Mobile
SF_4830,16,MALE,CANADA,Free,344,Desktop
SF_4831,40,FEMALE,INDIA,Free,353,Mobile
SF_4832,12,MALE,FRANCE,Subscriber,272,Mobile
SF_4833,52,MALE,INDIA,Free,200,Mobile
SF_4834,50,FEMALE,FRANCE,Subscriber,455,Tablet
SF_4835,41,MALE,UK,Subscriber,454,Tablet
SF_4836,12,FEMALE,USA,Subscriber,342,Desktop
SF_4837,21,MALE,INDIA,Subscriber,154,Desktop
SF_4838,32,MALE,ITALY,Subscriber,413,Smart TV
SF_4839,55,FEMALE,USA,Free,240,Smart TV
SF_4840,35,FEMALE,UK,Free,290,Tablet
SF_4841,23,MALE,INDIA,Subscriber,181,Desktop
SF_4842,45,FEMALE,ITALY,Free,45,Mobile
SF_4843,47,MALE,FRANCE,Subscriber,194,Smart TV
SF_4844,9,MALE,CANADA,Free,206,Tablet
SF_4845,29,FEMALE,ITALY,Subscriber,49,Tablet
SF_4846,35,FEMALE,USA,Subscriber,433,Tablet
SF_4847,24,MALE,USA,Free,342,Tablet
SF_4848,23,FEMALE,UK,Free,98,Smart TV
SF_4849,9,FEMALE,CANADA,Subscriber,44,Desktop
SF_4850,36,FEMALE,INDIA,Free,90,Tablet
SF_4851,43,MALE,USA,Free,204,Mobile
SF_4852,44,MALE,USA,Free,233,Smart TV
SF_4853,19,MALE,USA,Subscriber,356,Tablet
SF_4854,21,FEMALE,CANADA,Subscriber,342,Tablet
SF_4855,43,MALE,FRANCE,Subscriber,474,Desktop
SF_4856,23,MALE,INDIA,Free,327,Mobile
SF_4857,61,MALE,INDIA,Subscriber,288,Tablet
SF_4858,63,MALE,USA,Subscriber,98,Mobile
SF_4859,62,FEMALE,FRANCE,Free,209,Smart TV
SF_4860,20,MALE,UK,Subscriber,80,Mobile
SF_4861,34,MALE,ITALY,Free,71,Mobile
SF_4862,9,MALE,CANADA,Free,463,Tablet
SF_4863,16,FEMALE,USA,Free,39,Mobile
SF_4864,43,MALE,CANADA,Subscriber,303,Tablet
SF_4865,50,FEMALE,UK,Subscriber,378,Tablet
SF_4866,49,MALE,UK,Subscriber,123,Mobile
SF_4867,37,MALE,FRANCE,Free,110,Desktop
SF_4868,20,MALE,INDIA,Subscriber,53,Mobile
SF_4869,33,FEMALE,ITALY,Subscriber,28,Mobile
SF_4870,55,FEMALE,ITALY,Free,78,Tablet
SF_4871,16,MALE,ITALY,Free,227,Mobile
SF_4872,42,MALE,FRANCE,Subscriber,413,Tablet
SF_4873,30,MALE,CANADA,Free,313,Smart TV
SF_4874,65,FEMALE,INDIA,Subscriber,450,Smart TV
SF_4875,20,MALE,INDIA,Free,244,Smart TV
SF_4876,25,FEMALE,USA,Free,67,Smart TV
SF_4877,34,MALE,INDIA,Subscriber,352,Mobile
SF_4878,18,MALE,USA,Free,211,Tablet
SF_4879,34,MALE,INDIA,Subscriber,241,Tablet
SF_4880,30,FEMALE,FRANCE,Free,358,Smart TV
SF_4881,65,MALE,UK,Subscriber,252,Mobile
SF_4882,24,MALE,INDIA,Subscriber,252,Mobile
SF_4883,13,FEMALE,ITALY,Subscriber,402,Smart TV
SF_4884,37,MALE,ITALY,Subscriber,479,Smart TV
SF_4885,33,MALE,ITALY,Subscriber,406,Mobile
SF_4886,65,FEMALE,UK,Free,356,Mobile
SF_4887,49,MALE,ITALY,Free,428,Smart TV
SF_4888,10,FEMALE,USA,Subscriber,167,Smart TV
SF_4889,36,MALE,INDIA,Subscriber,477,Smart TV
SF_4890,55,FEMALE,CANADA,Subscriber,265,Desktop
SF_4891,24,MALE,CANADA,Subscriber,49,Mobile
SF_4892,46,MALE,UK,Free,11,Desktop
SF_4893,19,MALE,FRANCE,Subscriber,151,Tablet
SF_4894,55,MALE,ITALY,Free,205,Tablet
SF_4895,43,FEMALE,CANADA,Free,150,Mobile
SF_4896,42,MALE,UK,Subscriber,197,Mobile
SF_4897,21,MALE,INDIA,Free,352,Tablet
SF_4898,40,MALE,INDIA,Free,492,Mobile
SF_4899,26,MALE,FRANCE,Subscriber,253,Mobile
SF_4900,51,MALE,ITALY,Free,122,Smart TV
SF_4901,33,MALE,FRANCE,Subscriber,449,Tablet
SF_4902,54,MALE,UK,Free,155,Smart TV
SF_4903,60,MALE,CANADA,Free,435,Mobile
SF_4904,22,MALE,UK,Free,127,Tablet
SF_4905,40,FEMALE,INDIA,Free,316,Smart TV
SF_4906,24,MALE,ITALY,Free,301,Smart TV
SF_4907,17,FEMALE,USA,Free,383,Tablet
SF_4908,45,MALE,CANADA,Free,18,Mobile
SF_4909,36,FEMALE,USA,Free,271,Mobile
SF_4910,11,MALE,USA,Subscriber,460,Tablet
SF_4911,59,FEMALE,INDIA,Free,27,Smart TV
SF_4912,33,FEMALE,UK,Subscriber,308,Smart TV
SF_4913,36,FEMALE,ITALY,Subscriber,126,Smart TV
SF_4914,42,FEMALE,UK,Subscriber,104,Smart TV
SF_4915,60,MALE,USA,Free,436,Desktop
SF_4916,47,MALE,INDIA,Free,324,Tablet
SF_4917,41,MALE,ITALY,Subscriber,234,Smart TV
SF_4918,29,FEMALE,ITALY,Free,111,Smart TV
SF_4919,20,MALE,ITALY,Subscriber,181,Mobile
SF_4920,18,MALE,USA,Free,31,Mobile
SF_4921,21,FEMALE,ITALY,Free,355,Tablet
SF_4922,61,MALE,USA,Free,333,Desktop
SF_4923,44,MALE,USA,Free,433,Mobile
SF_4924,65,FEMALE,INDIA,Free,367,Desktop
SF_4925,64,FEMALE,UK,Subscriber,16,Mobile
SF_4926,40,MALE,CANADA,Subscriber,95,Mobile
SF_4927,59,MALE,CANADA,Subscriber,466,Mobile
SF_4928,40,FEMALE,USA,Subscriber,81,Desktop
SF_4929,37,MALE,UK,Free,343,Smart TV
SF_4930,37,MALE,CANADA,Subscriber,298,Smart TV
SF_4931,62,MALE,CANADA,Subscriber,193,Mobile
SF_4932,57,MALE,UK,Subscriber,400,Tablet
SF_4933,58,MALE,USA,Free,394,Smart TV
SF_4934,65,FEMALE,INDIA,Free,326,Tablet
SF_4935,49,MALE,FRANCE,Subscriber,238,Smart TV
SF_4936,15,FEMALE,CANADA,Subscriber,109,Mobile
SF_4937,47,MALE,FRANCE,Subscriber,211,Desktop
SF_4938,63,FEMALE,FRANCE,Free,198,Mobile
SF_4939,51,MALE,INDIA,Free,149,Smart TV
SF_4940,62,FEMALE,USA,Free,288,Desktop
SF_4941,16,MALE,INDIA,Free,239,Desktop
SF_4942,65,MALE,CANADA,Free,156,Smart TV
SF_4943,9,FEMALE,ITALY,Free,119,Mobile
SF_4944,11,MALE,INDIA,Free,164,Tablet
SF_4945,13,MALE,USA,Free,129,Tablet
SF_4946,26,FEMALE,ITALY,Free,457,Mobile
SF_4947,41,MALE,USA,Subscriber,46,Desktop
SF_4948,27,MALE,UK,Subscriber,413,Tablet
SF_4949,23,MALE,FRANCE,Subscriber,377,Tablet
SF_4950,24,MALE,ITALY,Free,324,Desktop
SF_4951,61,FEMALE,INDIA,Subscriber,58,Tablet
SF_4952,29,FEMALE,FRANCE,Subscriber,423,Smart TV
SF_4953,38,MALE,USA,Free,215,Mobile
SF_4954,30,MALE,CANADA,Free,367,Smart TV
SF_4955,22,MALE,UK,Subscriber,11,Mobile
SF_4956,14,MALE,USA,Subscriber,176,Desktop
SF_4957,56,MALE,USA,Subscriber,426,Desktop
SF_4958,30,MALE,FRANCE,Free,248,Smart TV
SF_4959,30,MALE,UK,Subscriber,496,Tablet
SF_4960,60,MALE,USA,Free,163,Smart TV
SF_4961,25,MALE,INDIA,Subscriber,141,Tablet
SF_4962,33,MALE,ITALY,Free,334,Smart TV
SF_4963,32,MALE,CANADA,Free,485,Desktop
SF_4964,26,MALE,USA,Subscriber,449,Desktop
SF_4965,20,MALE,FRANCE,Subscriber,156,Smart TV
SF_4966,51,MALE,ITALY,Subscriber,411,Smart TV
SF_4967,43,MALE,UK,Free,442,Mobile
SF_4968,19,FEMALE,INDIA,Subscriber,446,Tablet
SF_4969,54,MALE,CANADA,Free,342,Mobile
SF_4970,24,FEMALE,FRANCE,Free,134,Mobile
SF_4971,42,MALE,INDIA,Free,312,Desktop
SF_4972,23,MALE,INDIA,Subscriber,413,Desktop
SF_4973,48,FEMALE,CANADA,Free,445,Tablet
SF_4974,27,MALE,CANADA,Free,90,Mobile
SF_4975,37,MALE,FRANCE,Subscriber,241,Smart TV
SF_4976,45,MALE,CANADA,Free,32,Tablet
SF_4977,17,MALE,CANADA,Subscriber,35,Tablet
SF_4978,50,MALE,CANADA,Subscriber,180,Desktop
SF_4979,34,MALE,FRANCE,Free,423,Smart TV
SF_4980,45,MALE,USA,Free,88,Desktop
SF_4981,53,MALE,USA,Subscriber,12,Desktop
SF_4982,42,MALE,FRANCE,Subscriber,74,Mobile
SF_4983,16,FEMALE,CANADA,Subscriber,413,Desktop
SF_4984,47,MALE,FRANCE,Subscriber,25,Tablet
SF_4985,20,MALE,UK,Subscriber,59,Tablet
SF_4986,24,MALE,INDIA,Free,100,Desktop
SF_4987,40,FEMALE,UK,Subscriber,195,Tablet
SF_4988,61,MALE,INDIA,Subscriber,348,Tablet
SF_4989,54,MALE,INDIA,Subscriber,366,Desktop
SF_4990,44,FEMALE,FRANCE,Subscriber,275,Mobile
SF_4991,48,FEMALE,INDIA,Free,379,Mobile
SF_4992,32,FEMALE,USA,Subscriber,107,Smart TV
SF_4993,17,MALE,ITALY,Free,435,Smart TV
SF_4994,58,MALE,INDIA,Free,492,Desktop
SF_4995,50,MALE,UK,Free,197,Mobile
SF_4996,24,MALE,CANADA,Free,33,Tablet
SF_4997,48,MALE,CANADA,Free,102,Mobile
SF_4998,60,FEMALE,USA,Free,425,Tablet
SF_4999,27,FEMALE,CANADA,Free,277,Mobile
SF_5000,18,MALE,CANADA,Subscriber,204,Mobile
SF_5001,11,FEMALE,ITALY,Free,210,Tablet
SF_5002,52,MALE,CANADA,Subscriber,389,Desktop
SF_5003,18,MALE,FRANCE,Free,271,Tablet
SF_5004,9,FEMALE,CANADA,Subscriber,441,Smart TV
SF_5005,54,MALE,CANADA,Free,281,Desktop
SF_5006,34,MALE,USA,Free,314,Tablet
SF_5007,40,FEMALE,FRANCE,Subscriber,256,Desktop
SF_5008,15,MALE,FRANCE,Free,458,Desktop
SF_5009,59,FEMALE,ITALY,Free,94,Desktop
SF_5010,62,MALE,ITALY,Free,312,Smart TV
SF_5011,56,MALE,ITALY,Subscriber,153,Desktop
SF_5012,65,MALE,USA,Subscriber,135,Smart TV
SF_5013,54,MALE,ITALY,Free,112,Desktop
SF_5014,14,MALE,INDIA,Free,322,Desktop
SF_5015,28,MALE,USA,Free,298,Desktop
SF_5016,43,FEMALE,UK,Subscriber,370,Mobile
SF_5017,28,MALE,CANADA,Free,288,Tablet
SF_5018,16,FEMALE,INDIA,Free,24,Smart TV
SF_5019,17,MALE,FRANCE,Free,86,Smart TV
SF_5020,33,FEMALE,FRANCE,Subscriber,84,Mobile
SF_5021,48,MALE,USA,Free,168,Tablet
SF_5022,9,MALE,UK,Subscriber,241,Desktop
SF_5023,42,MALE,FRANCE,Subscriber,71,Tablet
SF_5024,34,FEMALE,USA,Subscriber,247,Smart TV
SF_5025,15,MALE,CANADA,Free,44,Tablet
SF_5026,12,MALE,CANADA,Subscriber,224,Tablet
SF_5027,56,FEMALE,FRANCE,Subscriber,106,Smart TV
SF_5028,55,MALE,USA,Subscriber,153,Mobile
SF_5029,63,MALE,CANADA,Free,469,Mobile
SF_5030,15,MALE,INDIA,Free,462,Mobile
SF_5031,26,FEMALE,USA,Subscriber,322,Smart TV
SF_5032,53,MALE,UK,Subscriber,414,Mobile
SF_5033,64,FEMALE,FRANCE,Free,308,Tablet
SF_5034,61,FEMALE,UK,Subscriber,67,Desktop
SF_5035,43,FEMALE,ITALY,Subscriber,486,Smart TV
SF_5036,56,MALE,USA,Free,186,Tablet
SF_5037,23,MALE,UK,Free,119,Smart TV
SF_5038,65,MALE,ITALY,Subscriber,150,Desktop
SF_5039,27,FEMALE,USA,Free,330,Mobile
SF_5040,16,MALE,CANADA,Subscriber,374,Desktop
SF_5041,39,FEMALE,INDIA,Free,56,Smart TV
SF_5042,21,FEMALE,ITALY,Subscriber,322,Smart TV
SF_5043,17,FEMALE,ITALY,Subscriber,153,Mobile
SF_5044,46,FEMALE,CANADA,Subscriber,125,Smart TV
SF_5045,32,MALE,CANADA,Free,459,Tablet
SF_5046,52,MALE,UK,Subscriber,490,Desktop
SF_5047,29,MALE,CANADA,Free,420,Tablet
SF_5048,10,FEMALE,INDIA,Free,396,Smart TV
SF_5049,53,MALE,USA,Free,496,Smart TV
SF_5050,61,FEMALE,USA,Subscriber,274,Smart TV
SF_5051,50,FEMALE,USA,Subscriber,109,Desktop
SF_5052,40,MALE,UK,Free,347,Desktop
SF_5053,25,MALE,CANADA,Free,121,Mobile
SF_5054,20,MALE,CANADA,Free,310,Tablet
SF_5055,16,FEMALE,CANADA,Free,247,Desktop
SF_5056,44,MALE,FRANCE,Free,50,Smart TV
SF_5057,27,MALE,FRANCE,Free,493,Tablet
SF_5058,20,MALE,CANADA,Free,388,Tablet
SF_5059,21,MALE,ITALY,Subscriber,290,Smart TV
SF_5060,27,MALE,ITALY,Free,313,Tablet
SF_5061,17,FEMALE,USA,Subscriber,43,Tablet
SF_5062,20,MALE,INDIA,Free,22,Mobile
SF_5063,24,FEMALE,CANADA,Free,198,Mobile
SF_5064,63,MALE,UK,Free,29,Tablet
SF_5065,64,MALE,ITALY,Free,137,Desktop
SF_5066,25,FEMALE,UK,Free,50,Desktop
SF_5067,40,MALE,USA,Subscriber,135,Mobile
SF_5068,37,MALE,INDIA,Free,52,Tablet
SF_5069,44,FEMALE,INDIA,Subscriber,395,Desktop
SF_5070,48,MALE,CANADA,Subscriber,147,Smart TV
SF_5071,20,FEMALE,UK,Free,319,Tablet
SF_5072,47,MALE,FRANCE,Subscriber,85,Smart TV
SF_5073,40,MALE,UK,Free,59,Smart TV
SF_5074,38,MALE,INDIA,Free,401,Tablet
SF_5075,50,MALE,FRANCE,Subscriber,101,Smart TV
SF_5076,52,MALE,UK,Subscriber,375,Tablet
SF_5077,47,MALE,CANADA,Free,291,Mobile
SF_5078,20,MALE,INDIA,Free,295,Tablet
SF_5079,33,MALE,FRANCE,Free,124,Tablet
SF_5080,24,FEMALE,USA,Subscriber,20,Desktop
SF_5081,20,FEMALE,ITALY,Subscriber,87,Tablet
SF_5082,23,MALE,INDIA,Free,492,Tablet
SF_5083,34,MALE,ITALY,Subscriber,176,Desktop
SF_5084,42,MALE,INDIA,Free,346,Desktop
SF_5085,19,MALE,CANADA,Subscriber,479,Mobile
SF_5086,39,MALE,INDIA,Subscriber,218,Desktop
SF_5087,39,FEMALE,FRANCE,Free,132,Mobile
SF_5088,30,MALE,CANADA,Subscriber,499,Desktop
SF_5089,47,FEMALE,UK,Free,87,Tablet
SF_5090,25,FEMALE,INDIA,Free,496,Tablet
SF_5091,47,MALE,UK,Subscriber,184,Tablet
SF_5092,18,MALE,INDIA,Subscriber,34,Desktop
SF_5093,49,MALE,FRANCE,Subscriber,281,Desktop
SF_5094,31,MALE,UK,Free,194,Tablet
SF_5095,54,FEMALE,CANADA,Free,104,Smart TV
SF_5096,19,MALE,USA,Free,350,Mobile
SF_5097,45,MALE,CANADA,Subscriber,201,Tablet
SF_5098,21,MALE,USA,Subscriber,197,Smart TV
SF_5099,61,MALE,UK,Subscriber,211,Smart TV
SF_5100,9,MALE,CANADA,Subscriber,15,Mobile
SF_5101,48,MALE,CANADA,Free,18,Mobile
SF_5102,21,MALE,ITALY,Subscriber,467,Tablet
SF_5103,48,FEMALE,ITALY,Subscriber,272,Mobile
SF_5104,54,MALE,INDIA,Free,280,Tablet
SF_5105,48,MALE,ITALY,Free,108,Desktop
SF_5106,31,FEMALE,CANADA,Subscriber,251,Mobile
SF_5107,59,FEMALE,FRANCE,Subscriber,367,Smart TV
SF_5108,42,FEMALE,CANADA,Subscriber,166,Tablet
SF_5109,26,FEMALE,INDIA,Subscriber,231,Mobile
SF_5110,31,MALE,INDIA,Subscriber,130,Desktop
SF_5111,15,MALE,FRANCE,Free,134,Smart TV
SF_5112,31,MALE,UK,Free,245,Smart TV
SF_5113,24,MALE,CANADA,Free,33,Desktop
SF_5114,62,FEMALE,USA,Subscriber,310,Tablet
SF_5115,33,MALE,INDIA,Subscriber,405,Mobile
SF_5116,64,MALE,ITALY,Free,109,Tablet
SF_5117,9,FEMALE,INDIA,Free,431,Smart TV
SF_5118,47,MALE,UK,Free,146,Tablet
SF_5119,18,FEMALE,UK,Subscriber,283,Mobile
SF_5120,59,MALE,INDIA,Subscriber,352,Desktop
SF_5121,48,MALE,CANADA,Free,147,Smart TV
SF_5122,40,MALE,INDIA,Free,211,Mobile
SF_5123,13,MALE,UK,Free,148,Desktop
SF_5124,46,MALE,INDIA,Free,405,Tablet
SF_5125,41,MALE,FRANCE,Subscriber,415,Desktop
SF_5126,9,MALE,CANADA,Subscriber,279,Desktop
SF_5127,34,MALE,FRANCE,Free,462,Smart TV
SF_5128,52,MALE,INDIA,Free,406,Smart TV
SF_5129,48,MALE,USA,Subscriber,320,Smart TV
SF_5130,22,FEMALE,FRANCE,Subscriber,10,Desktop
SF_5131,57,FEMALE,USA,Free,478,Mobile
SF_5132,52,MALE,USA,Subscriber,96,Tablet
SF_5133,15,MALE,INDIA,Free,387,Mobile
SF_5134,33,MALE,USA,Free,367,Desktop
SF_5135,26,MALE,CANADA,Subscriber,388,Desktop
SF_5136,15,MALE,UK,Free,436,Mobile
SF_5137,43,MALE,USA,Subscriber,20,Tablet
SF_5138,22,MALE,UK,Subscriber,344,Tablet
SF_5139,38,MALE,UK,Subscriber,130,Tablet
SF_5140,33,MALE,ITALY,Subscriber,53,Tablet
SF_5141,28,MALE,CANADA,Subscriber,208,Mobile
SF_5142,58,MALE,UK,Subscriber,417,Desktop
SF_5143,19,MALE,FRANCE,Subscriber,285,Desktop
SF_5144,49,FEMALE,FRANCE,Free,353,Desktop
SF_5145,18,MALE,CANADA,Free,228,Tablet
SF_5146,54,MALE,UK,Free,465,Desktop
SF_5147,51,MALE,UK,Subscriber,495,Desktop
SF_5148,9,MALE,INDIA,Free,481,Tablet
SF_5149,50,MALE,USA,Free,23,Desktop
SF_5150,58,MALE,CANADA,Free,449,Tablet
SF_5151,50,MALE,FRANCE,Free,220,Tablet
SF_5152,9,FEMALE,INDIA,Free,107,Tablet
SF_5153,42,MALE,USA,Subscriber,387,Smart TV
SF_5154,38,MALE,USA,Free,329,Smart TV
SF_5155,62,MALE,FRANCE,Subscriber,251,Mobile
SF_5156,43,MALE,INDIA,Subscriber,494,Smart TV
SF_5157,44,MALE,FRANCE,Subscriber,334,Desktop
SF_5158,51,FEMALE,INDIA,Subscriber,17,Desktop
SF_5159,31,MALE,ITALY,Subscriber,361,Mobile
SF_5160,48,FEMALE,UK,Free,500,Mobile
SF_5161,35,MALE,ITALY,Subscriber,62,Tablet
SF_5162,62,MALE,USA,Free,262,Smart TV
SF_5163,41,MALE,INDIA,Free,438,Desktop
SF_5164,28,FEMALE,INDIA,Free,410,Desktop
SF_5165,47,MALE,FRANCE,Subscriber,285,Smart TV
SF_5166,45,MALE,USA,Free,110,Desktop
SF_5167,40,MALE,ITALY,Subscriber,426,Tablet
SF_5168,26,MALE,ITALY,Subscriber,142,Mobile
SF_5169,47,FEMALE,FRANCE,Free,397,Desktop
SF_5170,59,MALE,CANADA,Subscriber,119,Mobile
SF_5171,51,MALE,UK,Subscriber,312,Mobile
SF_5172,45,FEMALE,FRANCE,Free,286,Tablet
SF_5173,43,MALE,UK,Free,403,Mobile
SF_5174,53,MALE,INDIA,Free,375,Mobile
SF_5175,47,FEMALE,UK,Subscriber,32,Mobile
SF_5176,46,MALE,INDIA,Subscriber,299,Tablet
SF_5177,25,MALE,USA,Free,479,Tablet
SF_5178,45,MALE,INDIA,Free,164,Mobile
SF_5179,38,MALE,CANADA,Subscriber,161,Tablet
SF_5180,32,MALE,INDIA,Free,477,Desktop
SF_5181,43,MALE,ITALY,Free,452,Smart TV
SF_5182,50,FEMALE,ITALY,Free,200,Tablet
SF_5183,45,FEMALE,INDIA,Subscriber,457,Desktop
SF_5184,24,MALE,FRANCE,Free,395,Tablet
SF_5185,31,FEMALE,ITALY,Free,160,Smart TV
SF_5186,41,MALE,USA,Subscriber,391,Mobile
SF_5187,9,MALE,FRANCE,Free,477,Tablet
SF_5188,20,FEMALE,ITALY,Subscriber,348,Smart TV
SF_5189,44,FEMALE,USA,Subscriber,443,Tablet
SF_5190,20,FEMALE,USA,Free,463,Smart TV
SF_5191,29,FEMALE,INDIA,Subscriber,105,Smart TV
SF_5192,65,MALE,UK,Free,233,Desktop
SF_5193,25,MALE,UK,Subscriber,135,Mobile
SF_5194,9,MALE,ITALY,Free,55,Smart TV
SF_5195,56,MALE,USA,Subscriber,100,Smart TV
SF_5196,32,MALE,FRANCE,Free,316,Smart TV
SF_5197,48,FEMALE,INDIA,Free,224,Mobile
SF_5198,15,FEMALE,ITALY,Subscriber,177,Smart TV
SF_5199,47,FEMALE,CANADA,Subscriber,379,Smart TV
SF_5200,14,FEMALE,INDIA,Subscriber,37,Desktop
SF_5201,19,MALE,CANADA,Subscriber,168,Desktop
SF_5202,42,MALE,UK,Free,409,Mobile
SF_5203,62,FEMALE,FRANCE,Subscriber,263,Tablet
SF_5204,36,MALE,INDIA,Free,96,Smart TV
SF_5205,49,MALE,ITALY,Free,485,Smart TV
SF_5206,47,MALE,USA,Free,391,Desktop
SF_5207,28,MALE,ITALY,Subscriber,318,Tablet
SF_5208,41,MALE,USA,Subscriber,395,Mobile
SF_5209,38,MALE,CANADA,Subscriber,350,Tablet
SF_5210,61,FEMALE,INDIA,Free,240,Smart TV
SF_5211,48,MALE,INDIA,Subscriber,226,Smart TV
SF_5212,63,MALE,UK,Free,142,Mobile
SF_5213,47,MALE,CANADA,Free,443,Smart TV
SF_5214,65,FEMALE,FRANCE,Subscriber,21,Tablet
SF_5215,13,FEMALE,ITALY,Free,484,Smart TV
SF_5216,47,MALE,ITALY,Free,339,Desktop
SF_5217,61,MALE,ITALY,Subscriber,393,Mobile
SF_5218,19,MALE,USA,Subscriber,128,Tablet
SF_5219,24,MALE,FRANCE,Subscriber,169,Mobile
SF_5220,64,MALE,ITALY,Subscriber,91,Tablet
SF_5221,10,FEMALE,INDIA,Subscriber,205,Desktop
SF_5222,52,MALE,INDIA,Subscriber,345,Smart TV
SF_5223,59,MALE,INDIA,Subscriber,303,Tablet
SF_5224,56,MALE,ITALY,Subscriber,478,Smart TV
SF_5225,30,MALE,FRANCE,Free,249,Mobile
SF_5226,27,MALE,FRANCE,Free,428,Mobile
SF_5227,22,MALE,FRANCE,Free,402,Tablet
SF_5228,25,MALE,CANADA,Subscriber,220,Mobile
SF_5229,50,MALE,USA,Free,201,Tablet
SF_5230,64,MALE,FRANCE,Free,147,Desktop
SF_5231,13,MALE,USA,Subscriber,235,Mobile
SF_5232,23,MALE,CANADA,Free,180,Desktop
SF_5233,53,MALE,UK,Subscriber,115,Tablet
SF_5234,46,FEMALE,ITALY,Free,142,Mobile
SF_5235,52,MALE,ITALY,Free,19,Tablet
SF_5236,60,MALE,ITALY,Subscriber,35,Desktop
SF_5237,21,MALE,ITALY,Subscriber,445,Smart TV
SF_5238,12,FEMALE,ITALY,Free,241,Desktop
SF_5239,29,MALE,ITALY,Free,200,Smart TV
SF_5240,24,FEMALE,UK,Free,45,Mobile
SF_5241,49,FEMALE,UK,Free,276,Tablet
SF_5242,44,MALE,ITALY,Free,13,Tablet
SF_5243,54,MALE,USA,Subscriber,136,Smart TV
SF_5244,14,MALE,USA,Subscriber,142,Mobile
SF_5245,50,FEMALE,ITALY,Subscriber,191,Tablet
SF_5246,27,FEMALE,CANADA,Free,198,Mobile
SF_5247,28,FEMALE,UK,Subscriber,404,Tablet
SF_5248,38,FEMALE,USA,Free,125,Desktop
SF_5249,56,FEMALE,CANADA,Subscriber,134,Mobile
SF_5250,25,MALE,CANADA,Free,453,Smart TV
SF_5251,30,FEMALE,INDIA,Free,234,Tablet
SF_5252,14,MALE,USA,Free,361,Mobile
SF_5253,29,FEMALE,UK,Free,410,Desktop
SF_5254,40,MALE,INDIA,Free,281,Mobile
SF_5255,54,MALE,USA,Subscriber,159,Desktop
SF_5256,38,MALE,UK,Free,289,Mobile
SF_5257,36,FEMALE,FRANCE,Free,285,Tablet
SF_5258,43,MALE,CANADA,Free,377,Desktop
SF_5259,39,MALE,ITALY,Subscriber,393,Mobile
SF_5260,61,MALE,INDIA,Free,272,Desktop
SF_5261,19,MALE,FRANCE,Subscriber,394,Tablet
SF_5262,45,FEMALE,FRANCE,Subscriber,411,Tablet
SF_5263,64,MALE,ITALY,Free,216,Mobile
SF_5264,62,MALE,UK,Subscriber,282,Smart TV
SF_5265,53,MALE,CANADA,Subscriber,495,Smart TV
SF_5266,62,MALE,ITALY,Free,181,Smart TV
SF_5267,10,MALE,UK,Subscriber,53,Tablet
SF_5268,31,FEMALE,FRANCE,Subscriber,234,Smart TV
SF_5269,25,MALE,FRANCE,Subscriber,32,Tablet
SF_5270,30,MALE,USA,Subscriber,330,Mobile
SF_5271,62,FEMALE,UK,Free,305,Desktop
SF_5272,50,MALE,USA,Subscriber,280,Smart TV
SF_5273,47,MALE,USA,Subscriber,112,Tablet
SF_5274,60,MALE,FRANCE,Subscriber,338,Mobile
SF_5275,65,MALE,INDIA,Free,384,Mobile
SF_5276,19,FEMALE,ITALY,Free,412,Desktop
SF_5277,44,MALE,INDIA,Free,262,Mobile
SF_5278,56,FEMALE,ITALY,Free,388,Tablet
SF_5279,64,FEMALE,USA,Subscriber,323,Mobile
SF_5280,13,MALE,ITALY,Subscriber,103,Tablet
SF_5281,31,MALE,USA,Free,142,Mobile
SF_5282,45,FEMALE,USA,Free,48,Smart TV
SF_5283,56,MALE,FRANCE,Free,463,Desktop
SF_5284,53,MALE,USA,Subscriber,435,Desktop
SF_5285,59,MALE,INDIA,Subscriber,76,Smart TV
SF_5286,62,MALE,INDIA,Subscriber,327,Tablet
SF_5287,11,MALE,CANADA,Subscriber,247,Desktop
SF_5288,10,MALE,FRANCE,Subscriber,115,Mobile
SF_5289,28,MALE,ITALY,Subscriber,67,Mobile
SF_5290,54,FEMALE,ITALY,Free,424,Mobile
SF_5291,47,MALE,FRANCE,Free,24,Smart TV
SF_5292,57,MALE,FRANCE,Free,326,Mobile
SF_5293,49,MALE,FRANCE,Free,104,Smart TV
SF_5294,30,MALE,FRANCE,Subscriber,463,Smart TV
SF_5295,27,MALE,INDIA,Subscriber,362,Mobile
SF_5296,45,FEMALE,USA,Subscriber,344,Desktop
SF_5297,51,MALE,CANADA,Free,460,Mobile
SF_5298,39,MALE,FRANCE,Subscriber,59,Tablet
SF_5299,56,MALE,USA,Free,213,Smart TV
SF_5300,65,MALE,FRANCE,Free,81,Smart TV
SF_5301,65,MALE,FRANCE,Subscriber,115,Tablet
SF_5302,50,FEMALE,UK,Free,112,Desktop
SF_5303,17,FEMALE,ITALY,Free,208,Tablet
SF_5304,10,FEMALE,INDIA,Free,84,Desktop
SF_5305,13,FEMALE,UK,Subscriber,454,Tablet
SF_5306,48,FEMALE,USA,Subscriber,36,Tablet
SF_5307,49,MALE,USA,Subscriber,394,Mobile
SF_5308,19,MALE,FRANCE,Free,14,Mobile
SF_5309,63,MALE,USA,Free,493,Desktop
SF_5310,31,FEMALE,CANADA,Subscriber,441,Desktop
SF_5311,63,MALE,ITALY,Subscriber,492,Mobile
SF_5312,54,MALE,USA,Free,412,Smart TV
SF_5313,28,MALE,USA,Free,309,Smart TV
SF_5314,14,FEMALE,CANADA,Subscriber,368,Smart TV
SF_5315,34,MALE,UK,Subscriber,108,Smart TV
SF_5316,16,MALE,INDIA,Subscriber,494,Tablet
SF_5317,21,FEMALE,FRANCE,Free,173,Mobile
SF_5318,39,MALE,INDIA,Subscriber,187,Mobile
SF_5319,20,MALE,UK,Free,444,Smart TV
SF_5320,65,FEMALE,UK,Free,399,Mobile
SF_5321,34,MALE,INDIA,Subscriber,117,Smart TV
SF_5322,13,MALE,FRANCE,Subscriber,337,Desktop
SF_5323,38,MALE,INDIA,Subscriber,66,Smart TV
SF_5324,60,MALE,ITALY,Free,198,Mobile
SF_5325,14,FEMALE,UK,Free,422,Desktop
SF_5326,55,MALE,INDIA,Subscriber,364,Smart TV
SF_5327,57,MALE,FRANCE,Free,41,Mobile
SF_5328,54,FEMALE,INDIA,Free,297,Desktop
SF_5329,37,FEMALE,FRANCE,Free,119,Smart TV
SF_5330,15,FEMALE,ITALY,Subscriber,393,Desktop
SF_5331,32,MALE,CANADA,Subscriber,292,Mobile
SF_5332,45,MALE,UK,Free,392,Desktop
SF_5333,55,FEMALE,FRANCE,Subscriber,153,Smart TV
SF_5334,13,FEMALE,CANADA,Free,280,Smart TV
SF_5335,56,MALE,INDIA,Subscriber,220,Smart TV
SF_5336,25,MALE,ITALY,Subscriber,125,Smart TV
SF_5337,50,FEMALE,INDIA,Subscriber,212,Desktop
SF_5338,21,MALE,CANADA,Subscriber,422,Desktop
SF_5339,31,MALE,USA,Subscriber,92,Mobile
SF_5340,46,FEMALE,USA,Free,339,Smart TV
SF_5341,14,FEMALE,CANADA,Subscriber,19,Desktop
SF_5342,41,FEMALE,UK,Free,242,Tablet
SF_5343,34,FEMALE,FRANCE,Free,460,Smart TV
SF_5344,58,FEMALE,USA,Free,407,Tablet
SF_5345,58,FEMALE,INDIA,Subscriber,227,Mobile
SF_5346,41,FEMALE,ITALY,Subscriber,309,Mobile
SF_5347,32,MALE,CANADA,Free,346,Desktop
SF_5348,32,MALE,USA,Subscriber,322,Smart TV
SF_5349,22,FEMALE,FRANCE,Subscriber,459,Mobile
SF_5350,34,MALE,FRANCE,Subscriber,471,Desktop
SF_5351,52,FEMALE,USA,Free,445,Smart TV
SF_5352,64,FEMALE,CANADA,Free,29,Mobile
SF_5353,65,MALE,ITALY,Free,368,Tablet
SF_5354,32,FEMALE,CANADA,Subscriber,433,Mobile
SF_5355,34,MALE,ITALY,Subscriber,97,Tablet
SF_5356,29,MALE,INDIA,Free,129,Desktop
SF_5357,32,FEMALE,UK,Subscriber,377,Mobile
SF_5358,40,MALE,CANADA,Subscriber,341,Smart TV
SF_5359,27,MALE,INDIA,Free,469,Smart TV
SF_5360,40,MALE,USA,Subscriber,21,Tablet
SF_5361,39,FEMALE,ITALY,Free,119,Smart TV
SF_5362,46,MALE,CANADA,Free,393,Tablet
SF_5363,23,MALE,CANADA,Free,128,Desktop
SF_5364,10,FEMALE,CANADA,Free,131,Tablet
SF_5365,56,MALE,ITALY,Free,298,Tablet
SF_5366,63,MALE,UK,Subscriber,227,Desktop
SF_5367,21,MALE,UK,Subscriber,131,Mobile
SF_5368,10,FEMALE,FRANCE,Subscriber,181,Desktop
SF_5369,26,MALE,FRANCE,Free,355,Tablet
SF_5370,12,MALE,FRANCE,Subscriber,136,Desktop
SF_5371,41,MALE,UK,Free,319,Smart TV
SF_5372,57,MALE,CANADA,Free,218,Mobile
SF_5373,15,MALE,INDIA,Subscriber,341,Mobile
SF_5374,64,MALE,ITALY,Free,405,Mobile
SF_5375,50,MALE,CANADA,Subscriber,353,Desktop
SF_5376,46,MALE,ITALY,Free,260,Mobile
SF_5377,51,FEMALE,INDIA,Free,80,Smart TV
SF_5378,16,MALE,CANADA,Subscriber,68,Mobile
SF_5379,17,MALE,UK,Free,131,Desktop
SF_5380,16,MALE,USA,Subscriber,10,Mobile
SF_5381,59,MALE,FRANCE,Free,259,Desktop
SF_5382,47,MALE,CANADA,Free,476,Tablet
SF_5383,24,MALE,FRANCE,Subscriber,102,Smart TV
SF_5384,28,FEMALE,ITALY,Subscriber,199,Desktop
SF_5385,52,MALE,INDIA,Subscriber,471,Mobile
SF_5386,55,MALE,FRANCE,Subscriber,163,Smart TV
SF_5387,30,FEMALE,INDIA,Free,488,Tablet
SF_5388,56,FEMALE,ITALY,Subscriber,206,Tablet
SF_5389,55,MALE,INDIA,Free,134,Desktop
SF_5390,36,MALE,USA,Free,197,Smart TV
SF_5391,47,MALE,USA,Free,405,Tablet
SF_5392,33,MALE,INDIA,Free,343,Desktop
SF_5393,17,MALE,USA,Free,196,Mobile
SF_5394,38,MALE,CANADA,Free,136,Desktop
SF_5395,31,MALE,ITALY,Subscriber,279,Mobile
SF_5396,49,MALE,USA,Subscriber,230,Mobile
SF_5397,60,MALE,UK,Subscriber,117,Smart TV
SF_5398,43,MALE,FRANCE,Subscriber,427,Tablet
SF_5399,14,MALE,INDIA,Subscriber,216,Smart TV
SF_5400,45,FEMALE,ITALY,Free,492,Tablet
SF_5401,59,FEMALE,USA,Free,244,Smart TV
SF_5402,45,FEMALE,USA,Free,344,Mobile
SF_5403,51,MALE,INDIA,Free,487,Mobile
SF_5404,55,MALE,USA,Free,26,Smart TV
SF_5405,18,FEMALE,USA,Free,207,Desktop
SF_5406,48,FEMALE,INDIA,Free,23,Desktop
SF_5407,15,FEMALE,UK,Subscriber,88,Tablet
SF_5408,24,MALE,INDIA,Subscriber,200,Tablet
SF_5409,53,MALE,UK,Free,81,Smart TV
SF_5410,29,FEMALE,ITALY,Free,476,Tablet
SF_5411,27,FEMALE,ITALY,Free,439,Desktop
SF_5412,25,MALE,USA,Subscriber,98,Mobile
SF_5413,16,MALE,UK,Free,336,Mobile
SF_5414,37,MALE,FRANCE,Subscriber,233,Desktop
SF_5415,16,FEMALE,UK,Subscriber,185,Mobile
SF_5416,53,FEMALE,UK,Subscriber,266,Mobile
SF_5417,30,MALE,INDIA,Free,273,Tablet
SF_5418,38,FEMALE,FRANCE,Free,418,Smart TV
SF_5419,49,FEMALE,USA,Subscriber,259,Tablet
SF_5420,43,FEMALE,UK,Subscriber,346,Mobile
SF_5421,36,MALE,INDIA,Subscriber,69,Smart TV
SF_5422,37,MALE,UK,Subscriber,261,Mobile
SF_5423,44,FEMALE,FRANCE,Free,72,Desktop
SF_5424,48,FEMALE,CANADA,Free,476,Mobile
SF_5425,12,MALE,INDIA,Free,163,Mobile
SF_5426,28,MALE,USA,Free,13,Smart TV
SF_5427,64,MALE,CANADA,Free,89,Mobile
SF_5428,14,FEMALE,INDIA,Free,183,Tablet
SF_5429,19,FEMALE,CANADA,Free,138,Mobile
SF_5430,42,FEMALE,ITALY,Subscriber,74,Tablet
SF_5431,63,MALE,FRANCE,Free,378,Mobile
SF_5432,10,MALE,UK,Free,192,Desktop
SF_5433,23,FEMALE,UK,Subscriber,67,Desktop
SF_5434,25,FEMALE,USA,Subscriber,372,Smart TV
SF_5435,13,MALE,INDIA,Free,262,Smart TV
SF_5436,65,MALE,CANADA,Free,481,Smart TV
SF_5437,60,MALE,FRANCE,Free,489,Tablet
SF_5438,47,MALE,FRANCE,Free,145,Mobile
SF_5439,26,MALE,ITALY,Subscriber,411,Tablet
SF_5440,59,FEMALE,UK,Free,59,Tablet
SF_5441,42,MALE,ITALY,Free,498,Tablet
SF_5442,23,MALE,UK,Free,126,Tablet
SF_5443,39,MALE,CANADA,Free,281,Mobile
SF_5444,12,FEMALE,ITALY,Subscriber,13,Mobile
SF_5445,57,MALE,CANADA,Subscriber,352,Tablet
SF_5446,50,FEMALE,CANADA,Free,214,Tablet
SF_5447,11,MALE,FRANCE,Subscriber,38,Mobile
SF_5448,62,MALE,ITALY,Free,490,Mobile
SF_5449,62,MALE,INDIA,Free,132,Mobile
SF_5450,38,MALE,CANADA,Free,440,Mobile
SF_5451,23,FEMALE,FRANCE,Subscriber,125,Mobile
SF_5452,47,MALE,USA,Subscriber,241,Desktop
SF_5453,57,MALE,USA,Subscriber,329,Smart TV
SF_5454,60,MALE,UK,Free,120,Mobile
SF_5455,15,FEMALE,UK,Free,147,Smart TV
SF_5456,43,MALE,FRANCE,Free,198,Mobile
SF_5457,42,MALE,USA,Subscriber,151,Smart TV
SF_5458,12,FEMALE,ITALY,Free,428,Smart TV
SF_5459,46,FEMALE,INDIA,Subscriber,278,Smart TV
SF_5460,11,MALE,ITALY,Subscriber,155,Smart TV
SF_5461,11,MALE,USA,Free,418,Desktop
SF_5462,38,MALE,ITALY,Free,260,Desktop
SF_5463,31,MALE,ITALY,Subscriber,44,Smart TV
SF_5464,21,MALE,INDIA,Free,221,Desktop
SF_5465,12,FEMALE,CANADA,Subscriber,339,Tablet
SF_5466,37,MALE,ITALY,Subscriber,431,Mobile
SF_5467,37,MALE,UK,Free,479,Desktop
SF_5468,28,MALE,ITALY,Subscriber,150,Tablet
SF_5469,56,MALE,ITALY,Free,182,Mobile
SF_5470,17,MALE,UK,Free,398,Smart TV
SF_5471,50,MALE,INDIA,Subscriber,74,Desktop
SF_5472,16,MALE,INDIA,Free,163,Tablet
SF_5473,13,MALE,CANADA,Free,324,Tablet
SF_5474,19,MALE,CANADA,Free,59,Desktop
SF_5475,65,MALE,CANADA,Subscriber,189,Mobile
SF_5476,29,FEMALE,ITALY,Free,315,Smart TV
SF_5477,55,MALE,USA,Free,216,Mobile
SF_5478,64,MALE,INDIA,Free,168,Tablet
SF_5479,10,MALE,INDIA,Free,412,Desktop
SF_5480,58,FEMALE,ITALY,Free,280,Smart TV
SF_5481,22,MALE,FRANCE,Free,31,Desktop
SF_5482,9,MALE,INDIA,Free,212,Desktop
SF_5483,43,FEMALE,INDIA,Subscriber,348,Smart TV
SF_5484,57,MALE,FRANCE,Free,256,Tablet
SF_5485,9,MALE,USA,Subscriber,183,Desktop
SF_5486,40,MALE,CANADA,Free,281,Smart TV
SF_5487,31,MALE,INDIA,Free,490,Tablet
SF_5488,58,MALE,CANADA,Free,321,Smart TV
SF_5489,58,MALE,UK,Subscriber,187,Tablet
SF_5490,41,MALE,ITALY,Free,59,Mobile
SF_5491,36,MALE,CANADA,Subscriber,356,Smart TV
SF_5492,25,MALE,ITALY,Subscriber,427,Tablet
SF_5493,53,MALE,FRANCE,Subscriber,257,Tablet
SF_5494,27,FEMALE,USA,Subscriber,41,Desktop
SF_5495,13,FEMALE,ITALY,Free,449,Tablet
SF_5496,21,MALE,UK,Subscriber,73,Mobile
SF_5497,40,MALE,USA,Free,358,Tablet
SF_5498,41,FEMALE,UK,Subscriber,421,Smart TV
SF_5499,27,FEMALE,USA,Subscriber,464,Desktop
SF_5500,36,FEMALE,INDIA,Subscriber,286,Smart TV
SF_5501,26,MALE,INDIA,Free,17,Mobile
SF_5502,17,MALE,USA,Free,416,Tablet
SF_5503,20,FEMALE,ITALY,Free,143,Desktop
SF_5504,10,MALE,INDIA,Subscriber,77,Smart TV
SF_5505,39,FEMALE,ITALY,Free,373,Mobile
SF_5506,14,FEMALE,INDIA,Subscriber,378,Smart TV
SF_5507,13,MALE,FRANCE,Free,15,Desktop
SF_5508,42,MALE,ITALY,Free,171,Desktop
SF_5509,49,MALE,FRANCE,Subscriber,69,Tablet
SF_5510,61,MALE,ITALY,Subscriber,351,Mobile
SF_5511,17,MALE,USA,Free,158,Desktop
SF_5512,36,FEMALE,ITALY,Free,224,Desktop
SF_5513,44,MALE,CANADA,Subscriber,420,Smart TV
SF_5514,60,FEMALE,UK,Subscriber,189,Mobile
SF_5515,53,MALE,FRANCE,Free,330,Tablet
SF_5516,11,FEMALE,USA,Subscriber,188,Desktop
SF_5517,9,MALE,USA,Subscriber,239,Smart TV
SF_5518,43,MALE,UK,Subscriber,496,Mobile
SF_5519,44,MALE,CANADA,Subscriber,188,Mobile
SF_5520,63,MALE,FRANCE,Subscriber,475,Smart TV
SF_5521,51,FEMALE,INDIA,Subscriber,20,Mobile
SF_5522,13,MALE,INDIA,Free,45,Smart TV
SF_5523,37,MALE,USA,Subscriber,471,Smart TV
SF_5524,41,FEMALE,FRANCE,Subscriber,204,Desktop
SF_5525,49,FEMALE,FRANCE,Subscriber,252,Mobile
SF_5526,64,FEMALE,USA,Free,330,Tablet
SF_5527,26,MALE,ITALY,Free,437,Tablet
SF_5528,25,MALE,INDIA,Free,142,Tablet
SF_5529,57,MALE,FRANCE,Subscriber,393,Mobile
SF_5530,29,FEMALE,INDIA,Subscriber,162,Smart TV
SF_5531,37,MALE,ITALY,Free,497,Tablet
SF_5532,65,MALE,CANADA,Subscriber,426,Mobile
SF_5533,21,FEMALE,FRANCE,Free,408,Desktop
SF_5534,14,MALE,UK,Subscriber,168,Smart TV
SF_5535,61,MALE,USA,Free,302,Smart TV
SF_5536,25,MALE,CANADA,Free,175,Desktop
SF_5537,46,FEMALE,INDIA,Subscriber,240,Tablet
SF_5538,62,MALE,ITALY,Subscriber,433,Desktop
SF_5539,19,FEMALE,INDIA,Subscriber,192,Mobile
SF_5540,42,MALE,USA,Free,49,Tablet
SF_5541,32,MALE,UK,Free,134,Desktop
SF_5542,10,MALE,USA,Free,149,Smart TV
SF_5543,47,MALE,USA,Subscriber,375,Smart TV
SF_5544,53,MALE,USA,Free,500,Smart TV
SF_5545,55,FEMALE,USA,Subscriber,429,Mobile
SF_5546,32,MALE,INDIA,Subscriber,440,Desktop
SF_5547,63,FEMALE,INDIA,Subscriber,452,Smart TV
SF_5548,54,FEMALE,INDIA,Subscriber,45,Smart TV
SF_5549,24,FEMALE,ITALY,Subscriber,97,Desktop
SF_5550,55,MALE,INDIA,Free,258,Desktop
SF_5551,29,FEMALE,FRANCE,Free,301,Mobile
SF_5552,36,MALE,INDIA,Subscriber,315,Tablet
SF_5553,46,MALE,ITALY,Subscriber,150,Mobile
SF_5554,15,MALE,INDIA,Subscriber,262,Smart TV
SF_5555,11,MALE,UK,Subscriber,277,Smart TV
SF_5556,63,MALE,UK,Free,229,Desktop
SF_5557,22,MALE,UK,Free,265,Tablet
SF_5558,46,MALE,USA,Subscriber,252,Tablet
SF_5559,65,MALE,FRANCE,Subscriber,480,Smart TV
SF_5560,54,FEMALE,CANADA,Free,309,Tablet
SF_5561,47,FEMALE,CANADA,Subscriber,79,Desktop
SF_5562,46,FEMALE,ITALY,Subscriber,306,Desktop
SF_5563,58,FEMALE,INDIA,Free,248,Mobile
SF_5564,48,MALE,USA,Subscriber,381,Mobile
SF_5565,61,MALE,ITALY,Free,76,Tablet
SF_5566,36,MALE,CANADA,Subscriber,409,Tablet
SF_5567,48,MALE,INDIA,Free,74,Smart TV
SF_5568,34,MALE,USA,Free,11,Mobile
SF_5569,39,FEMALE,USA,Free,214,Mobile
SF_5570,11,MALE,ITALY,Subscriber,152,Desktop
SF_5571,39,FEMALE,ITALY,Subscriber,440,Tablet
SF_5572,27,FEMALE,CANADA,Subscriber,387,Tablet
SF_5573,36,FEMALE,ITALY,Free,260,Smart TV
SF_5574,40,MALE,CANADA,Subscriber,307,Mobile
SF_5575,24,MALE,USA,Subscriber,64,Desktop
SF_5576,28,MALE,FRANCE,Subscriber,261,Desktop
SF_5577,21,MALE,UK,Free,496,Desktop
SF_5578,11,FEMALE,INDIA,Free,156,Smart TV
SF_5579,19,FEMALE,CANADA,Subscriber,239,Mobile
SF_5580,56,MALE,UK,Free,490,Tablet
SF_5581,22,MALE,UK,Subscriber,429,Tablet
SF_5582,13,MALE,FRANCE,Subscriber,180,Mobile
SF_5583,65,MALE,CANADA,Subscriber,269,Desktop
SF_5584,49,FEMALE,CANADA,Subscriber,117,Smart TV
SF_5585,32,MALE,CANADA,Subscriber,206,Tablet
SF_5586,52,MALE,FRANCE,Free,242,Tablet
SF_5587,25,MALE,USA,Subscriber,283,Tablet
SF_5588,38,FEMALE,USA,Subscriber,209,Tablet
SF_5589,65,FEMALE,CANADA,Free,217,Desktop
SF_5590,21,FEMALE,CANADA,Subscriber,136,Mobile
SF_5591,44,MALE,UK,Subscriber,391,Smart TV
SF_5592,51,MALE,FRANCE,Subscriber,109,Tablet
SF_5593,39,MALE,INDIA,Free,489,Tablet
SF_5594,14,FEMALE,CANADA,Free,500,Tablet
SF_5595,38,MALE,USA,Free,59,Desktop
SF_5596,63,MALE,FRANCE,Free,239,Tablet
SF_5597,9,FEMALE,USA,Free,119,Desktop
SF_5598,57,MALE,FRANCE,Subscriber,189,Mobile
SF_5599,32,MALE,INDIA,Free,364,Tablet
SF_5600,24,FEMALE,ITALY,Free,396,Mobile
SF_5601,10,MALE,ITALY,Subscriber,143,Desktop
SF_5602,30,MALE,CANADA,Free,413,Tablet
SF_5603,47,MALE,INDIA,Subscriber,317,Smart TV
SF_5604,36,MALE,FRANCE,Free,77,Mobile
SF_5605,65,FEMALE,ITALY,Subscriber,175,Desktop
SF_5606,15,FEMALE,UK,Free,209,Mobile
SF_5607,11,MALE,CANADA,Free,450,Tablet
SF_5608,52,MALE,INDIA,Free,471,Mobile
SF_5609,43,FEMALE,CANADA,Free,300,Tablet
SF_5610,64,FEMALE,CANADA,Subscriber,423,Tablet
SF_5611,46,FEMALE,CANADA,Free,255,Mobile
SF_5612,29,FEMALE,INDIA,Free,484,Tablet
SF_5613,62,FEMALE,FRANCE,Free,13,Tablet
SF_5614,10,MALE,INDIA,Free,42,Mobile
SF_5615,24,MALE,ITALY,Free,465,Desktop
SF_5616,51,MALE,UK,Free,218,Tablet
SF_5617,54,MALE,INDIA,Free,55,Smart TV
SF_5618,49,FEMALE,ITALY,Subscriber,168,Desktop
SF_5619,23,FEMALE,UK,Subscriber,349,Desktop
SF_5620,18,MALE,UK,Free,436,Tablet
SF_5621,11,MALE,UK,Subscriber,50,Mobile
SF_5622,48,MALE,UK,Free,304,Smart TV
SF_5623,65,MALE,INDIA,Subscriber,206,Mobile
SF_5624,43,MALE,USA,Subscriber,22,Smart TV
SF_5625,38,MALE,USA,Free,500,Desktop
SF_5626,30,MALE,ITALY,Subscriber,466,Tablet
SF_5627,19,MALE,CANADA,Free,129,Mobile
SF_5628,30,MALE,USA,Free,170,Desktop
SF_5629,60,MALE,FRANCE,Free,44,Desktop
SF_5630,28,MALE,USA,Free,351,Smart TV
SF_5631,11,MALE,UK,Subscriber,258,Tablet
SF_5632,29,FEMALE,FRANCE,Subscriber,403,Smart TV
SF_5633,29,MALE,FRANCE,Free,464,Mobile
SF_5634,45,MALE,CANADA,Subscriber,216,Smart TV
SF_5635,38,FEMALE,UK,Free,443,Desktop
SF_5636,28,MALE,FRANCE,Free,396,Smart TV
SF_5637,64,MALE,ITALY,Subscriber,74,Smart TV
SF_5638,45,MALE,INDIA,Subscriber,27,Mobile
SF_5639,63,FEMALE,UK,Free,147,Desktop
SF_5640,33,MALE,ITALY,Subscriber,156,Mobile
SF_5641,45,FEMALE,UK,Free,115,Desktop
SF_5642,57,MALE,USA,Subscriber,321,Tablet
SF_5643,36,FEMALE,INDIA,Free,186,Smart TV
SF_5644,20,FEMALE,FRANCE,Free,71,Mobile
SF_5645,41,MALE,UK,Subscriber,432,Desktop
SF_5646,36,MALE,UK,Free,470,Smart TV
SF_5647,14,MALE,INDIA,Subscriber,272,Smart TV
SF_5648,54,MALE,USA,Free,230,Mobile
SF_5649,17,FEMALE,INDIA,Subscriber,440,Desktop
SF_5650,37,FEMALE,USA,Free,491,Smart TV
SF_5651,16,FEMALE,UK,Subscriber,243,Tablet
SF_5652,16,MALE,ITALY,Subscriber,450,Tablet
SF_5653,37,MALE,INDIA,Subscriber,322,Smart TV
SF_5654,20,MALE,FRANCE,Free,420,Tablet
SF_5655,58,FEMALE,UK,Subscriber,455,Desktop
SF_5656,59,MALE,ITALY,Subscriber,324,Smart TV
SF_5657,65,MALE,ITALY,Subscriber,416,Desktop
SF_5658,38,MALE,ITALY,Free,277,Mobile
SF_5659,57,MALE,ITALY,Free,121,Smart TV
SF_5660,63,MALE,CANADA,Subscriber,137,Desktop
SF_5661,19,FEMALE,ITALY,Subscriber,163,Mobile
SF_5662,29,MALE,ITALY,Free,316,Desktop
SF_5663,32,FEMALE,CANADA,Free,227,Mobile
SF_5664,34,MALE,INDIA,Subscriber,110,Desktop
SF_5665,50,MALE,FRANCE,Free,36,Desktop
SF_5666,22,MALE,USA,Subscriber,35,Mobile
SF_5667,38,MALE,USA,Subscriber,286,Smart TV
SF_5668,40,FEMALE,UK,Subscriber,403,Mobile
SF_5669,18,MALE,UK,Free,254,Smart TV
SF_5670,65,MALE,INDIA,Free,458,Tablet
SF_5671,9,MALE,CANADA,Subscriber,95,Mobile
SF_5672,21,FEMALE,INDIA,Free,464,Desktop
SF_5673,50,FEMALE,CANADA,Subscriber,325,Mobile
SF_5674,61,MALE,ITALY,Free,46,Mobile
SF_5675,42,MALE,FRANCE,Subscriber,213,Mobile
SF_5676,57,MALE,CANADA,Free,312,Tablet
SF_5677,40,MALE,UK,Free,217,Smart TV
SF_5678,46,MALE,INDIA,Free,308,Smart TV
SF_5679,18,MALE,FRANCE,Free,279,Mobile
SF_5680,12,MALE,UK,Subscriber,466,Tablet
SF_5681,50,FEMALE,USA,Free,193,Mobile
SF_5682,31,MALE,CANADA,Free,417,Mobile
SF_5683,20,FEMALE,USA,Subscriber,409,Desktop
SF_5684,41,MALE,USA,Subscriber,477,Tablet
SF_5685,14,MALE,USA,Subscriber,50,Tablet
SF_5686,48,MALE,CANADA,Subscriber,465,Mobile
SF_5687,48,FEMALE,INDIA,Subscriber,289,Desktop
SF_5688,57,FEMALE,UK,Subscriber,306,Desktop
SF_5689,14,MALE,USA,Subscriber,240,Mobile
SF_5690,10,MALE,UK,Subscriber,38,Mobile
SF_5691,30,MALE,FRANCE,Subscriber,26,Smart TV
SF_5692,52,FEMALE,CANADA,Subscriber,466,Desktop
SF_5693,25,FEMALE,USA,Free,412,Desktop
SF_5694,50,FEMALE,USA,Subscriber,437,Desktop
SF_5695,44,FEMALE,ITALY,Subscriber,109,Mobile
SF_5696,31,FEMALE,INDIA,Subscriber,381,Tablet
SF_5697,42,MALE,FRANCE,Free,78,Smart TV
SF_5698,43,MALE,UK,Free,341,Tablet
SF_5699,59,MALE,INDIA,Subscriber,336,Desktop
SF_5700,19,FEMALE,USA,Free,417,Tablet
SF_5701,49,MALE,USA,Subscriber,499,Tablet
SF_5702,12,MALE,CANADA,Free,450,Mobile
SF_5703,26,MALE,UK,Free,392,Mobile
SF_5704,64,FEMALE,ITALY,Free,318,Desktop
SF_5705,61,FEMALE,INDIA,Subscriber,361,Desktop
SF_5706,24,MALE,ITALY,Free,394,Desktop
SF_5707,61,MALE,USA,Free,457,Mobile
SF_5708,38,MALE,CANADA,Free,232,Tablet
SF_5709,32,MALE,FRANCE,Free,500,Tablet
SF_5710,61,MALE,ITALY,Free,392,Mobile
SF_5711,21,MALE,INDIA,Free,403,Mobile
SF_5712,58,MALE,INDIA,Free,140,Tablet
SF_5713,46,FEMALE,INDIA,Subscriber,75,Desktop
SF_5714,13,MALE,FRANCE,Subscriber,407,Mobile
SF_5715,9,MALE,USA,Subscriber,423,Desktop
SF_5716,62,MALE,UK,Free,40,Tablet
SF_5717,55,MALE,FRANCE,Subscriber,183,Desktop
SF_5718,48,FEMALE,INDIA,Subscriber,390,Desktop
SF_5719,9,MALE,INDIA,Free,84,Mobile
SF_5720,50,MALE,USA,Subscriber,436,Smart TV
SF_5721,51,MALE,INDIA,Free,132,Mobile
SF_5722,62,MALE,ITALY,Free,331,Tablet
SF_5723,17,MALE,ITALY,Subscriber,147,Smart TV
SF_5724,22,MALE,ITALY,Subscriber,353,Tablet
SF_5725,62,MALE,INDIA,Free,142,Smart TV
SF_5726,13,MALE,INDIA,Subscriber,198,Smart TV
SF_5727,29,MALE,USA,Subscriber,104,Smart TV
SF_5728,54,FEMALE,UK,Subscriber,10,Desktop
SF_5729,61,MALE,CANADA,Subscriber,177,Mobile
SF_5730,59,MALE,UK,Subscriber,239,Desktop
SF_5731,15,FEMALE,CANADA,Free,407,Mobile
SF_5732,48,FEMALE,ITALY,Free,127,Smart TV
SF_5733,52,MALE,USA,Free,371,Smart TV
SF_5734,60,FEMALE,USA,Subscriber,352,Tablet
SF_5735,12,MALE,CANADA,Subscriber,498,Mobile
SF_5736,65,MALE,USA,Subscriber,60,Tablet
SF_5737,47,MALE,FRANCE,Subscriber,489,Smart TV
SF_5738,21,MALE,FRANCE,Free,419,Tablet
SF_5739,41,MALE,INDIA,Free,84,Smart TV
SF_5740,44,MALE,USA,Subscriber,200,Mobile
SF_5741,37,MALE,CANADA,Subscriber,297,Smart TV
SF_5742,45,FEMALE,UK,Free,183,Smart TV
SF_5743,64,FEMALE,INDIA,Subscriber,130,Smart TV
SF_5744,46,FEMALE,UK,Subscriber,420,Mobile
SF_5745,62,FEMALE,USA,Free,111,Smart TV
SF_5746,22,MALE,USA,Free,320,Smart TV
SF_5747,27,MALE,CANADA,Subscriber,370,Tablet
SF_5748,26,MALE,UK,Subscriber,464,Tablet
SF_5749,18,MALE,CANADA,Free,296,Smart TV
SF_5750,47,MALE,INDIA,Free,480,Desktop
SF_5751,51,FEMALE,FRANCE,Free,101,Mobile
SF_5752,47,FEMALE,USA,Subscriber,490,Mobile
SF_5753,61,MALE,CANADA,Free,264,Smart TV
SF_5754,57,FEMALE,USA,Free,488,Mobile
SF_5755,21,FEMALE,FRANCE,Subscriber,363,Tablet
SF_5756,31,FEMALE,USA,Free,184,Desktop
SF_5757,60,MALE,UK,Free,372,Smart TV
SF_5758,58,FEMALE,INDIA,Subscriber,131,Smart TV
SF_5759,45,FEMALE,USA,Free,489,Desktop
SF_5760,37,MALE,UK,Free,228,Mobile
SF_5761,51,MALE,USA,Subscriber,462,Smart TV
SF_5762,56,FEMALE,UK,Free,104,Smart TV
SF_5763,14,FEMALE,INDIA,Free,71,Mobile
SF_5764,17,FEMALE,INDIA,Subscriber,405,Smart TV
SF_5765,43,MALE,FRANCE,Free,39,Tablet
SF_5766,44,MALE,ITALY,Subscriber,327,Smart TV
SF_5767,38,MALE,ITALY,Free,177,Tablet
SF_5768,47,FEMALE,CANADA,Subscriber,335,Desktop
SF_5769,56,MALE,CANADA,Subscriber,410,Desktop
SF_5770,25,MALE,USA,Free,60,Mobile
SF_5771,36,MALE,INDIA,Subscriber,217,Desktop
SF_5772,47,MALE,USA,Subscriber,223,Tablet
SF_5773,12,MALE,UK,Free,382,Mobile
SF_5774,50,MALE,FRANCE,Subscriber,128,Tablet
SF_5775,14,MALE,CANADA,Subscriber,308,Mobile
SF_5776,33,MALE,FRANCE,Free,376,Mobile
SF_5777,32,MALE,ITALY,Free,155,Desktop
SF_5778,39,MALE,ITALY,Subscriber,143,Mobile
SF_5779,50,MALE,FRANCE,Subscriber,332,Desktop
SF_5780,59,MALE,INDIA,Free,482,Smart TV
SF_5781,51,MALE,FRANCE,Free,329,Tablet
SF_5782,28,FEMALE,INDIA,Free,408,Tablet
SF_5783,20,FEMALE,FRANCE,Subscriber,66,Mobile
SF_5784,31,MALE,ITALY,Subscriber,87,Desktop
SF_5785,49,FEMALE,CANADA,Free,84,Mobile
SF_5786,32,MALE,CANADA,Subscriber,57,Tablet
SF_5787,51,MALE,CANADA,Subscriber,60,Tablet
SF_5788,43,MALE,INDIA,Free,475,Tablet
SF_5789,59,MALE,INDIA,Free,338,Tablet
SF_5790,65,FEMALE,CANADA,Free,212,Tablet
SF_5791,59,MALE,CANADA,Subscriber,167,Desktop
SF_5792,18,MALE,USA,Subscriber,156,Mobile
SF_5793,16,MALE,FRANCE,Subscriber,202,Mobile
SF_5794,60,MALE,ITALY,Free,282,Mobile
SF_5795,26,MALE,UK,Free,217,Mobile
SF_5796,19,FEMALE,INDIA,Free,249,Smart TV
SF_5797,48,MALE,ITALY,Free,384,Desktop
SF_5798,61,MALE,CANADA,Subscriber,89,Smart TV
SF_5799,17,MALE,FRANCE,Free,476,Mobile
SF_5800,48,MALE,FRANCE,Subscriber,170,Tablet
SF_5801,53,MALE,CANADA,Subscriber,68,Tablet
SF_5802,20,FEMALE,FRANCE,Free,316,Mobile
SF_5803,41,MALE,ITALY,Free,364,Desktop
SF_5804,55,FEMALE,ITALY,Subscriber,407,Mobile
SF_5805,14,FEMALE,FRANCE,Subscriber,258,Tablet
SF_5806,50,FEMALE,UK,Subscriber,355,Tablet
SF_5807,57,MALE,CANADA,Subscriber,291,Tablet
SF_5808,25,FEMALE,UK,Subscriber,478,Mobile
SF_5809,64,MALE,CANADA,Free,82,Mobile
SF_5810,63,MALE,CANADA,Subscriber,437,Mobile
SF_5811,13,MALE,INDIA,Subscriber,186,Tablet
SF_5812,61,FEMALE,USA,Subscriber,63,Tablet
SF_5813,32,MALE,INDIA,Free,307,Smart TV
SF_5814,31,MALE,USA,Subscriber,305,Mobile
SF_5815,62,MALE,UK,Free,329,Tablet
SF_5816,39,MALE,USA,Free,285,Tablet
SF_5817,16,MALE,INDIA,Subscriber,336,Desktop
SF_5818,13,MALE,FRANCE,Subscriber,278,Desktop
SF_5819,19,MALE,ITALY,Free,352,Tablet
SF_5820,62,MALE,INDIA,Subscriber,377,Mobile
SF_5821,30,MALE,ITALY,Free,244,Tablet
SF_5822,10,FEMALE,FRANCE,Subscriber,425,Desktop
SF_5823,17,MALE,CANADA,Subscriber,364,Smart TV
SF_5824,47,MALE,INDIA,Free,133,Mobile
SF_5825,33,FEMALE,INDIA,Subscriber,139,Tablet
SF_5826,64,MALE,UK,Subscriber,245,Tablet
SF_5827,58,MALE,FRANCE,Subscriber,136,Desktop
SF_5828,20,MALE,CANADA,Free,190,Mobile
SF_5829,35,FEMALE,ITALY,Free,44,Tablet
SF_5830,18,FEMALE,INDIA,Subscriber,327,Tablet
SF_5831,57,MALE,ITALY,Subscriber,213,Tablet
SF_5832,64,FEMALE,USA,Free,180,Desktop
SF_5833,18,FEMALE,ITALY,Free,449,Desktop
SF_5834,58,MALE,USA,Free,265,Smart TV
SF_5835,20,FEMALE,FRANCE,Free,383,Desktop
SF_5836,58,MALE,USA,Subscriber,80,Smart TV
SF_5837,35,MALE,FRANCE,Free,419,Mobile
SF_5838,10,FEMALE,UK,Subscriber,472,Mobile
SF_5839,47,MALE,ITALY,Free,237,Desktop
SF_5840,25,FEMALE,UK,Subscriber,135,Desktop
SF_5841,45,FEMALE,INDIA,Subscriber,414,Desktop
SF_5842,56,MALE,CANADA,Subscriber,316,Tablet
SF_5843,28,MALE,UK,Subscriber,225,Tablet
SF_5844,16,FEMALE,UK,Free,167,Smart TV
SF_5845,46,FEMALE,FRANCE,Subscriber,93,Smart TV
SF_5846,31,MALE,CANADA,Subscriber,251,Desktop
SF_5847,62,FEMALE,INDIA,Subscriber,241,Mobile
SF_5848,63,MALE,CANADA,Free,420,Smart TV
SF_5849,27,MALE,UK,Subscriber,132,Mobile
SF_5850,12,FEMALE,FRANCE,Free,230,Tablet
SF_5851,36,FEMALE,UK,Subscriber,459,Smart TV
SF_5852,65,FEMALE,UK,Subscriber,476,Smart TV
SF_5853,28,MALE,FRANCE,Free,494,Mobile
SF_5854,13,MALE,FRANCE,Subscriber,66,Mobile
SF_5855,16,MALE,FRANCE,Free,454,Desktop
SF_5856,37,FEMALE,FRANCE,Free,260,Tablet
SF_5857,27,FEMALE,INDIA,Subscriber,35,Smart TV
SF_5858,28,MALE,CANADA,Subscriber,194,Mobile
SF_5859,44,MALE,UK,Free,379,Desktop
SF_5860,43,FEMALE,UK,Subscriber,317,Desktop
SF_5861,27,FEMALE,USA,Subscriber,154,Mobile
SF_5862,34,FEMALE,ITALY,Free,236,Mobile
SF_5863,34,FEMALE,CANADA,Subscriber,245,Mobile
SF_5864,46,FEMALE,UK,Free,326,Smart TV
SF_5865,63,MALE,ITALY,Free,491,Mobile
SF_5866,36,FEMALE,USA,Free,293,Mobile
SF_5867,62,FEMALE,USA,Free,251,Desktop
SF_5868,50,MALE,INDIA,Free,274,Desktop
SF_5869,11,FEMALE,CANADA,Free,290,Tablet
SF_5870,19,MALE,CANADA,Subscriber,109,Tablet
SF_5871,47,FEMALE,INDIA,Subscriber,120,Mobile
SF_5872,38,MALE,ITALY,Subscriber,37,Desktop
SF_5873,50,MALE,ITALY,Subscriber,310,Desktop
SF_5874,27,MALE,UK,Subscriber,424,Desktop
SF_5875,19,MALE,ITALY,Free,412,Tablet
SF_5876,26,MALE,FRANCE,Free,43,Mobile
SF_5877,9,MALE,FRANCE,Free,328,Mobile
SF_5878,13,FEMALE,INDIA,Subscriber,230,Mobile
SF_5879,44,MALE,UK,Free,142,Smart TV
SF_5880,17,MALE,UK,Subscriber,293,Smart TV
SF_5881,35,MALE,INDIA,Free,368,Tablet
SF_5882,64,MALE,CANADA,Free,198,Tablet
SF_5883,48,FEMALE,CANADA,Subscriber,56,Mobile
SF_5884,58,MALE,INDIA,Free,448,Smart TV
SF_5885,52,MALE,ITALY,Subscriber,220,Desktop
SF_5886,20,MALE,ITALY,Subscriber,48,Smart TV
SF_5887,45,FEMALE,INDIA,Subscriber,73,Tablet
SF_5888,63,MALE,CANADA,Free,129,Tablet
SF_5889,64,MALE,INDIA,Free,33,Mobile
SF_5890,14,MALE,FRANCE,Subscriber,96,Mobile
SF_5891,46,MALE,USA,Subscriber,495,Mobile
SF_5892,43,MALE,UK,Free,139,Tablet
SF_5893,44,MALE,ITALY,Free,327,Desktop
SF_5894,32,MALE,CANADA,Free,203,Mobile
SF_5895,46,MALE,UK,Free,419,Tablet
SF_5896,46,MALE,FRANCE,Free,26,Mobile
SF_5897,12,MALE,FRANCE,Free,291,Smart TV
SF_5898,9,FEMALE,INDIA,Free,461,Smart TV
SF_5899,47,MALE,UK,Subscriber,121,Desktop
SF_5900,36,MALE,ITALY,Free,233,Smart TV
SF_5901,38,FEMALE,USA,Subscriber,60,Desktop
SF_5902,48,MALE,INDIA,Subscriber,390,Tablet
SF_5903,40,MALE,INDIA,Free,325,Smart TV
SF_5904,14,FEMALE,USA,Free,462,Desktop
SF_5905,22,FEMALE,UK,Subscriber,229,Tablet
SF_5906,48,FEMALE,CANADA,Subscriber,71,Mobile
SF_5907,46,MALE,UK,Subscriber,252,Smart TV
SF_5908,27,MALE,CANADA,Free,128,Mobile
SF_5909,26,MALE,CANADA,Free,440,Desktop
SF_5910,63,FEMALE,ITALY,Free,346,Smart TV
SF_5911,12,FEMALE,INDIA,Subscriber,365,Desktop
SF_5912,53,MALE,USA,Free,69,Mobile
SF_5913,22,FEMALE,INDIA,Subscriber,453,Smart TV
SF_5914,58,MALE,ITALY,Subscriber,473,Desktop
SF_5915,62,MALE,FRANCE,Free,445,Desktop
SF_5916,13,MALE,UK,Subscriber,66,Smart TV
SF_5917,41,FEMALE,USA,Subscriber,18,Tablet
SF_5918,44,MALE,CANADA,Free,142,Tablet
SF_5919,12,MALE,INDIA,Subscriber,476,Mobile
SF_5920,30,FEMALE,CANADA,Free,442,Smart TV
SF_5921,10,MALE,INDIA,Free,60,Desktop
SF_5922,37,MALE,FRANCE,Free,282,Mobile
SF_5923,41,MALE,CANADA,Free,142,Tablet
SF_5924,52,MALE,INDIA,Free,375,Desktop
SF_5925,19,FEMALE,INDIA,Subscriber,259,Tablet
SF_5926,45,FEMALE,ITALY,Subscriber,22,Tablet
SF_5927,13,MALE,USA,Free,227,Desktop
SF_5928,50,MALE,FRANCE,Free,238,Desktop
SF_5929,28,FEMALE,FRANCE,Subscriber,405,Tablet
SF_5930,12,FEMALE,USA,Free,159,Desktop
SF_5931,25,FEMALE,USA,Subscriber,149,Tablet
SF_5932,35,MALE,ITALY,Free,264,Smart TV
SF_5933,18,MALE,CANADA,Subscriber,195,Tablet
SF_5934,45,MALE,ITALY,Free,419,Desktop
SF_5935,58,MALE,UK,Subscriber,110,Mobile
SF_5936,23,MALE,FRANCE,Subscriber,211,Desktop
SF_5937,28,MALE,ITALY,Free,270,Tablet
SF_5938,16,MALE,FRANCE,Free,410,Mobile
SF_5939,12,FEMALE,FRANCE,Free,384,Smart TV
SF_5940,60,MALE,CANADA,Subscriber,148,Smart TV
SF_5941,20,FEMALE,USA,Subscriber,337,Mobile
SF_5942,38,MALE,ITALY,Subscriber,193,Tablet
SF_5943,19,FEMALE,ITALY,Subscriber,231,Mobile
SF_5944,59,FEMALE,CANADA,Free,330,Desktop
SF_5945,39,FEMALE,ITALY,Free,256,Desktop
SF_5946,20,FEMALE,ITALY,Free,264,Tablet
SF_5947,48,FEMALE,INDIA,Free,60,Tablet
SF_5948,53,MALE,ITALY,Free,456,Smart TV
SF_5949,21,MALE,INDIA,Subscriber,473,Smart TV
SF_5950,59,MALE,CANADA,Free,30,Tablet
SF_5951,42,MALE,USA,Free,236,Tablet
SF_5952,24,FEMALE,ITALY,Free,123,Tablet
SF_5953,27,MALE,UK,Free,416,Tablet
SF_5954,27,MALE,FRANCE,Subscriber,478,Tablet
SF_5955,9,FEMALE,FRANCE,Free,314,Smart TV
SF_5956,54,FEMALE,FRANCE,Subscriber,123,Smart TV
SF_5957,26,MALE,USA,Subscriber,330,Mobile
SF_5958,20,MALE,INDIA,Free,119,Desktop
SF_5959,27,FEMALE,USA,Subscriber,484,Smart TV
SF_5960,60,FEMALE,USA,Free,108,Tablet
SF_5961,49,FEMALE,FRANCE,Subscriber,67,Mobile
SF_5962,27,MALE,USA,Free,364,Smart TV
SF_5963,44,MALE,ITALY,Free,377,Mobile
SF_5964,39,MALE,UK,Free,222,Mobile
SF_5965,42,MALE,USA,Free,305,Mobile
SF_5966,62,FEMALE,FRANCE,Subscriber,261,Desktop
SF_5967,37,MALE,CANADA,Subscriber,17,Desktop
SF_5968,21,MALE,USA,Subscriber,313,Tablet
SF_5969,48,MALE,INDIA,Subscriber,131,Desktop
SF_5970,25,MALE,INDIA,Free,388,Mobile
SF_5971,58,MALE,USA,Free,483,Smart TV
SF_5972,48,FEMALE,CANADA,Subscriber,84,Smart TV
SF_5973,65,MALE,UK,Free,306,Desktop
SF_5974,23,FEMALE,USA,Subscriber,478,Mobile
SF_5975,38,MALE,FRANCE,Free,308,Tablet
SF_5976,52,FEMALE,ITALY,Subscriber,60,Desktop
SF_5977,35,MALE,CANADA,Subscriber,69,Tablet
SF_5978,26,MALE,CANADA,Subscriber,121,Smart TV
SF_5979,13,MALE,USA,Subscriber,287,Desktop
SF_5980,11,MALE,CANADA,Free,348,Mobile
SF_5981,65,MALE,FRANCE,Subscriber,443,Desktop
SF_5982,40,MALE,INDIA,Free,407,Desktop
SF_5983,57,MALE,USA,Free,318,Desktop
SF_5984,54,MALE,USA,Free,439,Desktop
SF_5985,56,FEMALE,INDIA,Free,278,Desktop
SF_5986,48,FEMALE,CANADA,Free,152,Desktop
SF_5987,32,MALE,USA,Free,485,Tablet
SF_5988,17,MALE,ITALY,Free,43,Desktop
SF_5989,54,FEMALE,ITALY,Subscriber,124,Smart TV
SF_5990,41,FEMALE,USA,Subscriber,102,Tablet
SF_5991,10,FEMALE,UK,Subscriber,234,Mobile
SF_5992,18,FEMALE,FRANCE,Subscriber,490,Tablet
SF_5993,14,FEMALE,ITALY,Free,359,Tablet
SF_5994,42,MALE,CANADA,Free,391,Mobile
SF_5995,27,FEMALE,UK,Free,86,Desktop
SF_5996,64,FEMALE,ITALY,Subscriber,200,Smart TV
SF_5997,36,FEMALE,ITALY,Free,91,Mobile
SF_5998,26,MALE,UK,Subscriber,67,Tablet
SF_5999,11,FEMALE,USA,Free,16,Mobile
SF_6000,64,MALE,USA,Subscriber,411,Tablet
SF_6001,36,FEMALE,CANADA,Subscriber,278,Smart TV
SF_6002,65,MALE,UK,Free,441,Tablet
SF_6003,34,FEMALE,FRANCE,Free,43,Mobile
SF_6004,35,FEMALE,CANADA,Free,439,Tablet
SF_6005,63,FEMALE,CANADA,Free,280,Desktop
SF_6006,41,FEMALE,UK,Subscriber,392,Mobile
SF_6007,40,MALE,USA,Free,97,Tablet
SF_6008,12,MALE,CANADA,Free,71,Desktop
SF_6009,65,FEMALE,ITALY,Free,205,Mobile
SF_6010,38,MALE,FRANCE,Free,18,Mobile
SF_6011,59,MALE,ITALY,Free,385,Smart TV
SF_6012,12,MALE,INDIA,Free,355,Desktop
SF_6013,44,FEMALE,ITALY,Free,136,Desktop
SF_6014,40,MALE,UK,Free,500,Mobile
SF_6015,25,FEMALE,FRANCE,Free,302,Mobile
SF_6016,65,MALE,FRANCE,Subscriber,179,Smart TV
SF_6017,63,FEMALE,UK,Subscriber,375,Desktop
SF_6018,59,MALE,CANADA,Free,222,Mobile
SF_6019,51,MALE,UK,Subscriber,64,Desktop
SF_6020,61,MALE,CANADA,Free,50,Desktop
SF_6021,18,MALE,ITALY,Free,354,Smart TV
SF_6022,38,MALE,ITALY,Free,156,Desktop
SF_6023,60,MALE,CANADA,Free,182,Tablet
SF_6024,37,MALE,UK,Subscriber,375,Mobile
SF_6025,49,FEMALE,UK,Free,39,Smart TV
SF_6026,30,MALE,FRANCE,Free,237,Desktop
SF_6027,46,MALE,CANADA,Subscriber,483,Mobile
SF_6028,19,MALE,USA,Subscriber,408,Smart TV
SF_6029,34,FEMALE,UK,Free,76,Mobile
SF_6030,13,MALE,INDIA,Subscriber,357,Smart TV
SF_6031,46,FEMALE,USA,Free,273,Desktop
SF_6032,48,MALE,FRANCE,Subscriber,308,Tablet
SF_6033,46,MALE,INDIA,Subscriber,496,Tablet
SF_6034,16,MALE,INDIA,Subscriber,451,Desktop
SF_6035,35,FEMALE,ITALY,Free,142,Mobile
SF_6036,33,FEMALE,FRANCE,Subscriber,30,Desktop
SF_6037,59,FEMALE,UK,Free,319,Mobile
SF_6038,35,FEMALE,USA,Free,362,Smart TV
SF_6039,52,FEMALE,INDIA,Subscriber,34,Desktop
SF_6040,15,MALE,UK,Free,247,Desktop
